TotalPop2016,Instability_DA16,Deprivation_DA16,Dependency_DA16,Ethniccon_DA16,Instability_q_DA16,Deprivation_q_DA16,Dependency_q_DA16,Ethniccon_q_DA16,PCODE3
29381,-0.2845358898184881,-0.10786971957966032,0.3397644472225928,-0.9502071115613833,3,3,4,1,K0B
65751,-0.3828497080534287,-0.16669914475197342,0.30482389254093467,-0.9140517439024802,3,3,4,1,K0C
140144,-0.5701849153293899,-0.7090016748434467,-0.3108935942111969,-0.6676015134711648,2,2,3,2,K0A
61099,-0.39074150746198805,-0.10900663635542317,0.500289439334441,-0.9287927559706867,3,3,4,1,K0E
60946,-0.43719010478462905,-0.4457266157111048,0.4058915407773274,-0.9223679004635249,2,2,4,1,K0G
14882,-0.4157633927875286,-0.6176193024985216,0.11754447964614974,-0.48107667632193263,2,2,3,2,K1E
42890,-0.34821192804835627,-0.6805683680726977,-0.10538422151573794,-0.0645865874712987,2,2,3,3,K1C
17503,0.11621507812614978,-0.019680245075187147,-0.17324998266291491,0.05274298620596468,3,3,3,3,K1B
25696,0.29403598439130607,-0.09185813932366903,0.2602717639053159,0.2792322490556118,4,3,3,4,K1J
30655,1.0646289933982709,1.1177316232652748,0.02734835016940139,0.4780345235490131,4,4,3,4,K1K
17107,2.0535049635541593,0.7850968987286491,0.09087732104144505,-0.015806712440287574,5,4,3,3,K1L
6562,0.7006792680374885,-1.0277731472816214,0.21707339755486135,-0.41836489598918014,4,1,3,3,K1M
21325,1.2577258927060255,-0.19221759113144202,0.1497610153898242,-0.18051383649692845,4,3,3,3,K1A
25148,2.1466946675054084,0.15595584546767136,-0.21772161917679342,0.264213493621958,5,3,2,3,K1N
28759,0.8381287451211796,-0.8133270757100736,-0.4408295063374596,-0.12676216374985222,4,2,2,3,K1S
16997,2.3884150684700827,-0.3683106799385185,-0.4645617028978643,-0.00717029269559331,5,2,2,3,K1R
3795,2.1317325311006585,-1.0707945604840579,-0.3010509433891963,-0.23820752782740448,5,1,2,3,K1P
19950,0.951711112086867,-0.7662611011077195,-0.4192907322950877,-0.4251344503505264,4,2,2,3,K1Y
27904,0.6007783820323969,0.07320438667287844,-0.5643390218320671,0.12848305287747275,4,2,2,3,K1Z
23028,0.5194510490874588,-0.6544658309291732,0.16327082786876856,-0.3102797976997134,4,2,3,3,K2A
47847,0.31273433651487037,-0.4695334974157836,-0.5251835583119109,0.4690887454904592,3,2,2,4,K2C
49508,-0.2553869575607174,-0.43438871525226225,-0.409536360813505,0.3868537040297123,3,2,2,4,K2G
20480,0.5863216423821289,-0.14479475611718753,0.2943837333917479,0.48850214537817377,4,3,3,4,K2E
56118,0.294829557865658,0.2497263617419366,-0.30037536487772193,0.8439771671201214,4,3,2,4,K1V
40379,0.09357476468812997,-0.31978694262864366,-0.19853609117585877,0.39730355430659503,3,2,3,4,K2H
32621,1.2447210778425861,0.7296472780774347,0.21466336915772036,0.8054848480861715,5,4,3,4,K2B
71367,-0.5146830744038982,-0.8219401543588352,-0.9605408528898932,0.5327181803095687,2,2,1,4,K2J
52276,-0.2800527648665927,-0.39783402264038953,-0.9569757590307023,0.9441172191370609,3,2,1,5,K1T
17705,0.2731205968125952,-0.2858656637289466,0.33009362231669015,0.0924635354528664,3,2,4,3,K1H
35677,0.6752537436816155,0.25462072013067244,-0.05422969439151279,0.6008138762136109,4,3,3,4,K1G
10706,-0.5545463351240426,-0.9869075550630488,-0.9207593809000559,0.2134361570341864,2,1,1,4,K1W
2883,-0.04284086534339229,-1.153320589037114,-0.8850309246392647,0.4060342176142907,4,1,2,4,K1X
59300,-0.4243161049836593,-0.3319561516357337,0.518435369276442,-0.9183432226799494,2,3,4,1,K0H
135311,-0.3935862635197512,-0.14657783113864356,0.6122689383031831,-0.8724330894764885,3,3,4,1,K0K
97545,-0.3570633920672615,-0.008696681797908666,0.8668089069437386,-0.9240954411383159,3,3,4,1,K0L
40579,-0.3762743951891619,0.05583242198055647,0.7572943827605905,-1.0054851843430597,3,3,4,1,K0J
58898,-0.2889301610873036,-0.057215235866548926,1.1680122927135896,-0.9957191817229614,3,3,4,1,K0M
35970,-0.5226753842869057,-0.8384528550033638,-0.3105675308606617,0.25383745216991943,2,1,2,4,K2K
19085,-0.3561824258326958,-0.4989786157276395,-0.22572256558171333,-0.23817755954356817,3,2,3,3,K2L
29999,-0.5590937787161905,-0.9732205498886966,-0.7849761354309478,0.15524427209400307,2,1,2,4,K2M
16393,2.9448048901798933,-0.7816841860779602,-0.492380080927286,-0.2754514000311719,5,2,2,3,K2P
1386,-0.4594562260634921,-1.0320876519047617,-0.1459521690873016,-0.2488819298253968,2,1,3,3,K2R
35014,-0.6691522505335293,-1.0680698870059404,-0.6137308098757926,-0.18781709653073056,2,1,2,3,K2S
11086,-0.15598086955303986,-1.158013126038156,-0.13611058392513056,0.8566032215658489,2,1,2,4,K2T
11984,-0.1489966028668224,-1.2450278659193925,-1.0593327881559578,0.3967026573287717,3,1,1,4,K2V
10860,-1.0660334347581952,-0.8507352778362799,-0.9041514574393187,0.4592487322812155,1,1,1,4,K2W
57250,-0.5789734491513537,-0.8188551874622704,-0.9250964416824103,0.19473436874024444,2,2,2,4,K4A
19421,-0.42801413077338957,-0.9300378568199886,-0.9477706204126978,0.22277068993388596,2,1,2,4,K4B
5840,-0.6400098326226027,-0.7989081952075343,-0.18450163841643838,-0.6257983191645549,2,1,3,2,K4C
17027,-0.2843842033251894,-0.47664138709925413,-0.22268061035502437,-0.5607554178668587,3,2,2,2,K4K
14507,-0.5687073442724891,-0.9843056197179293,-0.10832958496008811,-0.33451751113869166,2,1,3,3,K4M
10992,-0.840858186845524,-0.9833922272259824,-0.4511165684940867,-0.44243337987681947,1,1,2,3,K4P
11481,-0.6769877817697065,-0.6258236442071248,-0.5483268588306768,-0.6411885582556398,2,2,2,2,K4R
15976,0.31659206361611164,0.7300910843958438,0.9402416049487982,-0.8661057273646093,4,4,4,2,K6A
39071,0.36051370873850164,0.8317556139038932,0.711643993879834,-0.5880622217443116,4,4,4,2,K6H
19497,0.518634285560907,0.9614529105271069,0.8990318382732216,-0.6031284647441657,4,4,4,2,K6J
4159,-0.4090773890779034,-0.038753215007453705,0.4080510613051215,-0.7903184749345997,3,3,4,2,K6K
2950,-0.627188893000339,-0.2721122901301695,0.22353588040135597,-0.8550329013552541,2,3,4,2,K6T
35068,0.22270948393994508,0.25952100271925976,0.7458652516093878,-0.7488845928801757,3,3,4,2,K6V
23899,-0.15153426349483237,0.19648722084944978,0.45294457484354994,-0.8240643361313027,3,3,4,1,K7A
23771,-0.3131980607899541,-0.474042723524715,-0.06803870508973117,-0.7546639951105548,3,2,3,2,K7C
13694,-0.0999857744915292,-0.29898125658638824,0.6404010509358113,-0.900809168514751,3,3,4,1,K7G
21596,-0.1278263047834784,-0.320681025528848,0.8470039068607146,-0.9473579365361638,3,3,4,1,K7H
33099,0.9862096450861055,0.6377577499240762,-0.16460720407468507,-0.2338994581693707,4,3,3,3,K7K
40712,0.4317214854844763,-0.5960043981646198,-0.009181555630895046,-0.3500943724411966,3,2,3,3,K7L
49998,0.5314444689933198,-0.07831628030711232,0.3784863715682629,-0.3642529102198688,4,3,4,3,K7M
8422,-0.13811059396521017,-0.2059010793454049,-0.15969443714545237,-0.5210153559116599,3,3,3,2,K7N
25076,-0.2846586271536529,-0.6479199124519861,-0.1962338722347663,-0.3332711930876136,3,2,3,3,K7P
18990,-0.15201751954955237,-0.004348019208899452,0.5683413940916272,-0.8406568558962613,3,3,4,2,K7R
17490,-0.06334668803916525,-0.25926784300640365,0.38426512277753005,-0.8183123670031447,3,3,4,2,K7S
18037,0.011631195730775647,0.1411813014704218,0.7904221584680378,-0.9719207735755947,3,3,4,1,K7V
31580,-0.019236738270361004,0.08350897323974031,0.33140493169810004,-0.846919807761463,3,3,4,1,K8A
1685,-0.3840271787210683,-0.5441038006094955,0.5028202429335312,-0.910323121691988,2,2,4,1,K8B
15004,-0.04070108077252732,-0.7770869099990667,-1.1043610552780592,-0.5372619641829512,3,2,1,2,K8H
39232,0.04144822489992863,0.01257670636044554,0.4487486243456362,-0.6427534019900084,3,3,4,2,K8N
22600,0.7537833042252655,0.785834344616593,0.5443895606718141,-0.43567801493477876,4,4,4,3,K8P
1666,-0.5349017957160864,-0.6614833768319327,0.7652753481620648,-0.7251599736092437,2,2,5,2,K8R
32830,0.011616550385318277,0.21270907331254946,0.24549637201736216,-0.6754631965302164,3,3,4,2,K8V
29563,0.011337121282143247,-0.1924989348626324,0.9392495178659128,-0.7739684882532558,3,3,4,2,K9A
31255,0.823127334838554,0.4985319234438009,0.5678530714948968,-0.4519702202980962,4,4,4,2,K9H
59696,0.3323154891246147,0.24838004530028807,0.3891739241771642,-0.5112713397682759,4,3,4,2,K9J
14777,-0.2724976656487785,-0.6360044185971442,0.37975331542830076,-0.33003511374676864,3,2,4,3,K9K
9922,-0.2789671031876638,-0.1968772430668212,0.07557670657659744,-0.37611224725277154,3,3,4,3,K9L
34197,0.03796568147220519,0.16982103362218912,0.8874234213983099,-0.7168544504715328,3,3,4,2,K9V
23721,-0.6166234409603305,-0.5072630765311328,-0.02364262347122803,-0.7444226475187806,2,2,3,2,L0A
33124,-0.5522091585357747,-0.5267577347667551,-0.04089560308561768,-0.6725648802702271,2,2,3,2,L0B
20316,-0.6154499999787852,-0.5748340485748671,-0.0518932413172869,-0.6985588401314233,2,2,3,2,L0C
30888,-0.33949704074792797,-0.20957413031866748,-0.09820952217916343,-0.6753448107289562,3,3,3,2,L0E
57762,-0.5786189450139536,-0.599403295817683,-0.23568570495696142,-0.5030814672063812,2,2,3,2,L0G
20367,-1.0287293996859135,-0.4672110970779202,-0.6508851683402562,1.3414111437996268,1,3,2,5,L0H
22239,-0.9265700590750483,-0.6703250404494808,-0.8441335310095329,0.27746845958037686,2,2,1,4,L0J
57712,-0.3329790990401129,-0.11783204375514628,0.5185348691529317,-0.9243975798762998,3,3,4,1,L0K
64590,-0.5338625762847035,-0.5394464044209474,0.05761035755089022,-0.6464065409342469,2,2,3,2,L0L
51109,-0.4557793306813478,-0.3762365107204212,-0.24162961695388266,-0.663599842165548,2,2,3,2,L0M
20307,-0.5479761384651598,-0.5510431855720195,-0.2968662916525829,-0.6278794390471758,2,2,3,2,L0N
23689,-0.7148307160309427,-0.7988644560270167,-0.3188293240294229,-0.4705230075326522,2,2,3,2,L0P
91886,-0.6378989782585921,-0.6741114218372221,-0.07063674046752506,-0.4315623251751518,2,2,2,2,L0R
63025,-0.3857517909398812,-0.5066366872003489,0.4283907422023641,-0.7115288717808808,3,2,4,2,L0S
19661,-0.06148287244656938,-0.1756732021711002,0.5808073427634404,-0.8405018916532222,3,3,4,1,L1A
14285,-0.5013200455054252,-0.5555446899101856,0.7158376540649635,-0.5813309995771089,2,2,3,2,L1B
52757,-0.4207239687212312,-0.3603297540697158,-0.4262825251891311,-0.3686777927790813,2,2,2,3,L1C
28911,-0.6342433950822522,-0.58218264087126,-0.41374183142492466,-0.2716874653464771,2,2,2,3,L1E
45107,0.5591849194018885,0.6260410355349503,0.42607615565479834,-0.35826309311958254,4,4,3,3,L1G
55709,0.08523455098095457,0.41504921703527264,-0.14573987662086912,-0.11118396111500842,3,3,3,3,L1H
44399,0.35951445770019597,1.0489102990127483,-0.02315069016680556,-0.2667319893320796,4,4,3,3,L1J
42660,-0.666991244297398,-0.3072795790172761,-0.6356463469953822,0.2639596687158696,2,3,2,4,L1K
5911,-0.45737848950955845,-0.8012792896405009,-0.8828551407871764,1.0440714352772795,3,1,1,5,L1L
25006,-1.1047091602100696,-0.86565258308346,-1.0401627569771255,0.17203221921554818,1,1,1,4,L1M
52398,-0.021645576525096348,-0.22275597674957062,-0.103318047552273,-0.11154491258754158,3,3,3,3,L1N
19959,-0.6235009823788769,-0.23322803487499374,-0.7371124909059574,0.49005610368690816,2,3,2,4,L1P
42529,-0.7704170643171246,-0.526443737071457,-0.7404682408776364,0.5197180383533119,2,2,2,4,L1R
46873,-0.17164153973338592,-0.029379028901947796,-0.3918556889407335,0.4445545691338723,3,3,2,4,L1S
51277,-0.9007322843738127,-0.23678484644946074,-0.8336653893335801,1.1949071252444572,1,3,1,5,L1T
59934,-0.46978600421930783,-0.32541643560893635,-0.38007426825339524,0.5604627331165948,2,3,2,4,L1V
17035,-0.1419039304788964,-0.2729237351613149,-0.06487325618620488,-0.07608959258180216,3,3,3,3,L1W
23019,-0.7166558383524047,-0.46683373610500034,-0.750310092386333,0.9685593737812241,2,2,2,5,L1X
3212,-0.22901340933966374,-0.6021580272204236,-0.05084884114445829,-0.406839227366127,3,2,3,3,L1Y
30296,-0.9045614802324728,-0.4026087674420385,-1.15597047941791,1.4600907614195606,1,2,1,5,L1Z
18673,0.027354344151180824,0.4203491078419642,0.62701818328651,-0.6246735819929844,3,4,4,2,L2A
41810,0.1693643727412101,0.21141721739112646,0.25437642153166706,-0.26374837778648647,3,3,3,3,L2E
29573,0.3342327257334393,0.7129723031125013,0.2276007076494776,-0.360554718221249,4,4,4,3,L2G
30438,-0.38447296276516196,-0.3609675100839411,-0.07680464557980154,-0.07251804334923453,3,2,3,3,L2H
15683,-0.06893832886239877,-0.12205913039494992,0.6621844528511763,-0.5779590541295669,3,3,4,2,L2J
33894,0.2549123769942468,0.3150020472665664,0.5391295473501208,-0.3862501509118427,4,4,4,2,L2M
32112,0.24378057788683358,-0.1922006750776656,0.9896277201780953,-0.5114049131495704,4,3,4,2,L2N
15754,0.40623023669912406,0.5827028834345563,0.001511002743239812,-0.2541902929147518,4,4,3,3,L2P
42237,0.5174675690275113,0.23429282244458655,0.006796780244714344,-0.33779548913421886,4,3,3,3,L2R
20476,0.07014917275776517,0.2752522607649444,0.02611705254810506,-0.06133355112336395,3,3,3,3,L2S
10710,0.5206127604954248,-0.025254169115592886,0.7016485210793652,-0.21716481825873019,4,3,4,3,L2T
18681,0.07031492356918802,0.16109242166393667,-0.06341118257727098,-0.318532065334511,3,3,3,3,L2V
3260,-0.14412327215705523,-0.10892178184294478,-0.06560978548312886,0.2297332131030674,3,3,3,4,L2W
40994,0.08460645750985521,0.4172657647612823,0.4036073064278432,-0.6210885602983607,3,3,4,2,L3B
31516,0.0232339610159284,0.008770541138437676,0.45487415438088585,-0.51206811364215,3,3,4,2,L3C
20706,0.031943474382835894,0.3224872982329761,0.7842483688228532,-0.8596336994233071,3,4,4,1,L3K
27314,-0.3812135409287178,-0.7032714546963827,0.06169789102394388,-0.5564320675214909,2,2,3,2,L3M
87351,-0.6573927714693933,-0.5218990017776902,-0.2337049961238109,1.2701296270857114,2,2,3,5,L3P
76877,-0.17787367847514868,-0.142540915595939,0.14858435624919025,1.715566164385395,2,3,3,5,L3R
55660,-1.0587161159649299,0.37133857692842254,-0.2068050232550126,2.01313625691617,1,4,3,5,L3S
51676,0.17847849649773584,-0.605476161278756,0.21283727966667312,1.1557717623723394,3,2,4,4,L3T
46588,0.20049131370116768,0.3120252569904482,0.49444159969846346,-0.6463855629300034,4,4,4,2,L3V
43189,-0.6835655075822781,-0.5787124900050475,-1.03972442445287,0.7108239148465811,2,2,1,4,L3X
68124,-0.22536108328593446,-0.3765273289676473,-0.4270035135792526,0.16538373715435087,3,2,2,4,L3Y
33455,-0.5526366983652966,-0.3392252751248543,-0.7013395881478105,0.21268318324920044,2,3,2,4,L3Z
45987,-0.6264856562509836,-0.8450559425130143,-0.268375931756279,0.29490838032028593,2,2,2,4,L4A
37371,-0.18163185895643683,-0.5687162353518237,-0.09035419733290521,1.661638849434963,3,2,3,5,L4B
91047,0.09111763816805603,-0.32036681452749677,0.003369296548398019,1.1835445729152088,3,2,3,5,L4C
52320,-0.8684032595411124,-0.7591717183247516,-0.9208641999748473,1.2764758005927943,1,2,1,5,L4E
56711,-0.3917477260576431,-0.6850268501238382,-0.6035918672492815,0.2990146039096296,2,2,2,4,L4G
72543,-1.1385777024396706,-0.4793725165466826,-0.8987607347883736,0.7215312312062363,1,2,1,4,L4H
78932,-0.41489005220862246,-0.7641738813695206,-0.19703179808832919,0.6487247019061725,2,2,3,4,L4J
17874,-0.5550414561164261,-0.5115256776595054,-0.35766857146604003,0.6667165076041737,2,2,2,5,L4K
99489,-0.8111007639526379,-0.5022647405535486,-0.1887284154818222,0.2756523781256321,2,2,3,4,L4L
64082,-0.006402316433912702,-0.14067407709036855,-0.4353249680871849,-0.2778332692189539,3,3,2,3,L4M
107502,-0.1872345843911462,-0.11467253810822126,-0.5694475839068298,-0.10636973705663151,3,3,2,3,L4N
31956,-0.3614182913739829,-0.06327970671995868,-0.5691572530187444,-0.3641293041486105,3,3,2,3,L4P
22227,0.11929784509560439,0.36008993078179674,0.6613287117432404,-0.7187809305330904,3,4,4,2,L4R
37631,-0.7018057676153439,-0.5321225932737637,-0.406666677445032,1.7400338647693128,2,2,2,5,L4S
38470,-0.0418821961204575,1.039227568262204,-0.3277095847576293,2.3060332461068622,3,5,3,5,L4T
1779,0.25679374860370996,1.27960189771276,-0.6305052987813378,2.61525716790163,4,5,2,5,L4V
23690,-0.20459272523330518,-0.216675732544027,0.3116966469193331,0.4120571314762347,3,3,3,4,L4W
19735,0.40874547953453255,0.6666997889756271,-0.36949517007144667,1.3420107279331648,4,4,3,4,L4X
28227,0.12695594991904913,0.19528750582173096,0.11048984884210154,0.5608067789895489,3,3,3,4,L4Y
38325,-0.023063902939830412,-0.12091346203767778,-0.523892256276921,1.4730058931029615,3,3,2,5,L4Z
48777,0.6264208570260573,0.29116572422494214,-0.13108007381317016,1.3418147558267421,4,4,3,4,L5A
65271,0.8537904271169888,-0.11487573161894257,-0.27228533417081097,2.0247543434841657,4,3,3,5,L5B
29767,-0.21675391279299228,0.03620432774975643,-0.15253301321809387,1.0676305988390833,3,3,3,5,L5C
13057,0.24677203716902812,-0.06637320259140689,0.008214196871563167,-0.22102619728398562,3,3,3,3,L5E
21860,0.6345439831064045,-0.24873040574336694,-0.2222498280349955,-0.02228560594537971,4,3,3,3,L5G
19450,-0.35263605957064276,-0.7892128662958867,-0.36541491281856037,0.14179855785429307,2,2,2,4,L5H
29088,-0.019100261936399878,-0.2623578640984598,-0.22192556573820818,0.19628636486283008,3,3,3,4,L5J
18851,-0.086869631304334,0.30127261823547824,-0.2869356718467455,1.1300760131187204,3,3,3,4,L5K
46039,-0.2526857694954495,-0.22073091981871903,-0.09975554713091074,0.7117856938049915,3,3,3,4,L5L
110592,-0.4949920182947046,-0.3685507643001844,-0.636770130602322,1.857591133629738,2,2,2,5,L5M
85696,-0.6009735933199681,-0.48005516628463407,-0.8165449950437478,0.9082077100834344,2,2,2,4,L5N
37672,-0.1997495813379167,-0.18377881651674985,-0.25799972225684864,1.653754359252389,3,3,3,5,L5R
1580,-0.7309246032759494,-0.09154795056202542,-0.6723001302974684,2.2797168408189874,2,3,1,5,L5S
5234,-0.2811443141769202,0.33994927593140994,-0.6074305343842186,1.9617999779669466,3,4,2,5,L5T
55036,-0.622672960611309,-0.2064512486110001,-0.6751930490467877,1.9349457922993494,2,3,2,5,L5V
25174,-1.1581548468229124,-0.47012492789163435,-0.9205365248712561,1.8835074939035912,1,2,1,5,L5W
86804,-0.8702519628250197,-0.5100498600928416,-0.7364012630785908,0.88725743438633,1,2,2,4,L6A
37241,-0.9752249893970357,-0.44506322568360135,-0.7658546338882414,1.673756446204989,1,2,2,5,L6B
56520,-0.5080705515657112,-0.5474980588026362,-0.5217090426608103,1.8247824971847324,2,2,2,5,L6C
36561,-0.8383257755854873,-0.49778394634607914,-0.4806934878772737,1.906278135912557,1,2,2,5,L6E
8181,1.9736804730000002,-0.4480417297037037,-0.35118583088888894,2.1195902672222218,5,2,2,5,L6G
68396,-0.37813264342172054,-0.6800229450995382,-0.7222454302297646,0.7014539272907772,2,2,2,4,L6H
26888,-0.5481503735072524,-0.9085327289094388,-0.20799500369856438,0.4654214185476421,2,1,3,4,L6J
13346,0.8525066611452871,-0.09032852379889114,0.2297740594215496,0.29175386812288323,4,3,3,4,L6K
30167,-0.22567062603394444,-0.7672472753166706,0.21092245963741832,0.0594172163837969,3,2,3,3,L6L
65487,-0.7235170993013117,-0.7958352903024875,-0.9935971941618795,1.08071304448008,2,2,1,5,L6M
85653,-1.2655892081788496,-0.07976097043840842,-0.7386873840731324,2.2083711332298925,1,3,2,5,L6P
89282,-1.1666294279263798,0.06563015781368026,-0.6674074881938576,2.3001449336660817,1,4,2,5,L6R
58231,-0.5329892618463536,0.09903395196749151,-0.4106191329082104,1.0767056709463863,2,3,2,5,L6S
49214,-0.013692338204088243,0.5698912920122323,-0.5684024032440973,1.8093083968318364,3,4,2,5,L6T
44462,-0.09740753030169579,0.49597293189532643,-0.554620439807836,1.210737838483154,3,4,2,5,L6V
21905,0.10362980789020773,0.3995514298906186,-0.10088916194211366,0.8156242297214791,3,4,3,4,L6W
69134,-0.575153379912156,-0.08193758390382445,-0.8555168435734518,1.590769399670192,2,3,1,5,L6X
89337,-0.3115683406315971,0.033438505229457,-0.5598487907302463,1.9329199397078702,2,3,2,5,L6Y
34881,-0.6885823259331154,-0.16042242364459167,-0.6261325586003558,1.0004282669806772,2,3,2,4,L6Z
81222,-0.9639803042903153,-0.2148544892305656,-1.0918816062521615,1.915102114774358,1,3,1,5,L7A
16022,-0.6237339175330171,-0.9718970765509924,-0.5424957338511421,-0.09379400116964173,2,1,2,3,L7B
28450,-0.6897439204260456,-0.7087810037086467,-0.5850707429728996,0.2549450014887522,2,2,2,3,L7C
36051,-0.9052239286171256,-0.5438187071382764,-0.6432839728362597,-0.2511044671188318,1,2,2,3,L7E
50347,-0.6231572746542197,-0.703189111449898,-0.6461795297492005,-0.31225457781001853,2,2,2,3,L7G
17939,-0.560122371053236,-0.5537426493371983,-0.4459155835248343,-0.5342677229599198,2,2,2,2,L7J
9746,-0.6661376725399137,-0.816808696975785,-0.3378417387545659,-0.5517407416642724,2,1,3,2,L7K
51610,-0.3172040517680682,-0.814305381739663,-0.17184692803642707,-0.08721463537101334,3,2,3,3,L7L
49307,-0.5292822763654247,-0.9082576015210214,-0.5406284290571318,0.09042056083251879,2,1,2,3,L7M
14022,0.16979991972778488,-0.6277082213876766,0.4500025016488375,-0.3994218151384254,3,2,4,3,L7N
33953,-0.3953936369863046,-0.6438642817992223,-0.06439543394839928,-0.3938103389276059,2,2,3,3,L7P
18699,0.8560408169780735,-0.4119992722915129,0.002599930912669165,-0.3616724313829083,4,2,3,3,L7R
12312,1.2266683510724496,-0.34112173405579926,0.8224563518486843,-0.30317161282147503,4,3,4,3,L7S
18079,0.35891168079069635,-0.5653693132084187,0.5120142988482218,-0.3195965674770176,4,2,3,3,L7T
30531,-0.5214956708134355,-0.9279813751858768,-0.5210413236574304,-0.40216233277386937,2,1,2,3,L8B
41027,-0.16302005328208244,0.16965295505381817,-0.016754673132034985,0.18659010241772497,3,3,3,4,L8E
23063,0.0866487035982743,0.07625923533018253,0.8303321608359711,-0.4790419127577505,3,3,4,2,L8G
28452,0.43508466851989314,1.6154731260204898,0.010206431202129933,-0.31543417077657104,4,5,3,3,L8H
24820,-0.6529014909073327,-0.39954509007461714,-0.5854394720532635,0.055576973088074196,2,3,2,3,L8J
31257,0.39964418096679144,0.6737840387026586,0.250396860454842,-0.3090112904989922,4,4,3,3,L8K
33363,0.7164337578165033,2.2576096750448102,-0.330968121512484,0.19088737735203667,4,5,2,4,L8L
19357,1.2536837031769388,1.6218852568426931,-0.33913817284889186,0.14203728184155606,5,5,2,3,L8M
28242,0.9069892803330498,0.16636942688329434,-0.4524894163171871,0.23008215563731327,3,3,2,3,L8N
23302,2.096085218938331,0.18109309606604584,0.016006114327482626,0.02110132863376534,5,3,3,3,L8P
11699,1.7271238820289767,1.4958590148869986,-0.07681192500179504,0.7143947872835285,5,5,3,4,L8R
15307,1.2847822634343111,0.12844176620154182,-0.0566892858037499,0.5081237589453846,4,3,3,4,L8S
21416,0.10352177393714981,0.3336077791805192,0.3728638807227774,-0.32586197019051194,3,4,4,3,L8T
20517,0.5952766938645513,0.6286093487845201,0.5798311764265731,-0.24556831945537855,4,4,4,3,L8V
26491,-0.5202805925342568,0.2439847727073723,-0.47104054639753135,0.4272275975642293,2,4,2,4,L8W
27911,0.11520212740037976,0.429455594836086,0.13767303425839272,0.11105730735469885,3,4,3,3,L9A
28344,-0.5360486942098504,-0.2205879427902555,0.48170370065908114,0.2317006648036974,2,3,2,4,L9B
41549,-0.10641891635962362,0.2747527318949192,0.18396674092112927,0.12294120224005393,3,3,3,4,L9C
21567,-0.3151650100625956,-0.90502204678124,-1.0879867460060744,1.0875253005807486,3,1,1,4,L9E
38811,-0.5713206301753111,-0.8452755766800132,-0.1314630087363634,-0.033654292003143495,2,2,3,3,L9G
41990,-0.21612908978190043,-0.6603069565273398,0.2771302745604668,-0.5369691117666352,3,2,3,2,L9H
10752,-0.7308418263498885,-0.371975604733724,-1.0714266658657925,0.35489456415252973,2,2,2,4,L9J
14820,-0.5619852640269906,-0.7246416700863023,-0.46964045845047236,0.6415977860888663,2,2,2,4,L9K
18205,-0.3894001714464158,-0.5934490170207085,0.2691270679647899,-0.678865808092667,2,2,3,2,L9L
15418,-0.0429878331399014,0.15008621951842005,0.8685349582987417,-0.8229479327606695,3,3,4,2,L9M
14539,-0.569828230877777,-0.5881233031286197,-0.34093519181443016,-0.22796893768876808,2,2,2,3,L9N
24911,-0.45774014584115424,-0.7106290019686886,-0.11976507307318052,-0.586190427835414,2,2,3,2,L9P
27567,-0.2991350031145935,-0.32052663702840356,0.0685120616662313,-0.44648467177708845,3,3,2,3,L9R
30858,-0.5208355070836087,-0.16137891354465617,-0.2202007979122432,-0.37956196654336,2,3,2,3,L9S
107954,-0.6928429413030084,-0.8121301400293641,-1.0129149451332047,0.929158155988291,2,1,1,4,L9T
10143,-0.3057454158437346,-0.2579543036133294,-0.4919613232602779,-0.19648869589825496,3,3,2,3,L9V
48231,-0.39303633342650984,-0.4307773904786754,-0.5141410444297444,-0.3915573891893803,2,2,2,3,L9W
12249,-0.88702766997012,-0.9480871339889787,-0.5819948937176095,-0.44415421376112346,1,1,2,3,L9X
28584,0.1613013541791562,-0.2780621666667366,0.648139923476525,-0.7286060020268683,3,2,4,2,L9Y
20675,-0.14453677205712212,0.042363501878258776,1.6960643228889962,-0.739867890208658,3,4,5,2,L9Z
60929,-0.37976174999829304,0.8183857039250602,-0.24895102790364196,1.7788536170542277,2,4,3,5,M1B
36062,-0.7296372888595197,-0.40728249986889253,0.050901046055460065,0.6076987173959016,2,2,3,4,M1C
45658,0.23386544198771295,0.940166538588725,0.022157185992049612,1.0544907514039161,3,4,3,4,M1E
32947,0.27978864901329414,1.6027362917810117,-0.031434876068868155,1.9897202577041306,3,5,3,5,M1G
31920,0.5217238937504073,0.7699545599527882,-0.14182870793731203,2.0906690959248113,4,4,3,5,M1H
36127,0.49572227015099496,1.4877876080832335,-0.2641206802173997,1.9821993452753615,4,4,3,5,M1J
46743,0.46764514510760974,1.1271722991813102,-0.18140569823025907,1.5780369358205504,4,5,3,5,M1K
36956,0.37970964323849987,0.6339555060530901,-0.33943554946062876,1.71604471391682,4,4,2,5,M1L
23022,0.23219112243723397,0.4157540988314221,-0.00807772663617412,0.7227417542796023,3,3,3,4,M1M
23815,0.3053383637011547,0.10171285454390092,-0.13222394494150755,0.029117472616460215,4,3,3,3,M1N
45161,0.590172639037355,0.6665141402932839,0.02331698485750981,1.6410447090249551,4,4,3,5,M1P
30688,0.2582777828203207,0.6793052049078141,-0.10345707301257821,1.3059174417453727,4,4,3,5,M1R
46317,0.187169962159056,0.5240339792903037,0.4680351186395708,1.874502766863743,3,4,4,5,M1S
39350,0.776229889125845,0.4329371416872935,0.4541189666135704,1.649841335980051,4,4,4,5,M1T
52806,-0.4567870960873007,0.9365185635010225,0.3163481211085104,2.165533340569007,2,5,4,5,M1V
52693,0.016485518361148564,0.6800461028109617,0.47331500962558587,1.6980107633991233,3,4,4,5,M1W
15905,-1.2449792651488212,0.2606041639642251,-0.5367409343410248,1.8733162329204027,1,4,2,5,M1X
24840,0.1347591867937198,0.0621591091553945,0.6759098373140899,1.5582315563834945,3,3,4,5,M2H
58853,0.7804591675759264,0.025587657658063322,-0.02952048963019732,2.0549043081458715,4,3,3,5,M2J
25799,1.1286387936044036,-0.7585007106761114,0.033486677266599485,1.6297666532928412,4,2,3,5,M2K
15140,-0.039260351783685615,-0.511875330040753,-0.22405057510614265,1.1370838587832894,3,2,3,5,M2L
35451,0.7603822241674143,-0.22194485005181797,0.349863426004598,1.8821578758145048,4,3,3,5,M2M
79521,1.4130751849195433,-0.6325233192045876,-0.2477094952209101,1.9945896449052323,4,2,3,5,M2N
9089,-0.011597498102761535,-0.8176296703872813,-0.010646890076686089,0.7369108368729235,3,1,3,5,M2P
47342,1.1554969496339826,0.08956949729726245,0.15755715090965744,1.615949624408263,5,3,3,5,M2R
31796,0.6083555341514656,0.40588495507881495,-0.44304299259299923,1.2411236848989184,4,4,2,4,M3A
13335,-0.3422723924656168,-0.6144407154938133,0.02719946299707538,0.772659154671316,2,2,3,4,M3B
38133,1.0375204034115069,0.6456590741342932,0.17833315972748012,1.5166672357754438,4,3,3,4,M3C
37676,0.6535147707867344,-0.38306071721390283,-0.39352590614300864,0.8854905684060678,4,2,2,4,M3H
31935,0.8529233970842961,0.9842639771777048,-0.40082326668886803,1.8182309855986538,4,4,3,5,M3J
8943,0.8699797887011069,0.08222988269193784,-0.28878601131309406,1.1023153623712403,4,3,2,5,M3K
17489,-0.0387641925716736,1.7917908806513805,0.06839817567728294,1.2861682449889644,3,5,3,5,M3L
28338,0.5914157876000422,1.113726259901934,-0.27653642215643304,1.3895290586857223,4,5,3,5,M3M
39502,0.36663677060860195,2.9710420577480128,-0.3043049562376588,2.1120318925082535,4,5,2,5,M3N
19044,1.0202489041528042,0.6842387069310544,0.07027757236420916,1.4531227799787858,4,4,3,5,M4A
18426,0.6996102204230978,0.716631871413492,-0.3172159583965049,0.6635290218196569,4,4,2,4,M4B
47366,0.7647675786487353,0.3316777358723347,-0.5183889199133977,0.8963124886219651,4,4,2,4,M4C
25631,0.5020841977158519,-0.42792904892189154,-0.6390151895580353,-0.1694103253692404,4,2,2,3,M4E
20766,0.1461637607916787,-0.8910297664882499,-0.4660963405913512,0.058699433652219954,3,2,2,4,M4G
22977,1.0550749878619055,1.5010674386022544,-0.49374277845193015,3.0131087249933413,5,4,2,5,M4H
39024,0.4981600618668767,0.09223468993773065,-0.27954023113945276,0.18811497595518148,4,3,2,4,M4J
33202,1.0157117747888682,-0.24122806605047883,-0.41677222840121086,0.04572433014800312,4,3,2,4,M4K
35489,0.6679683714740066,-0.08185864568767787,-0.7168071426772802,0.020590018268618435,4,3,2,4,M4L
25022,0.9876305067354725,-0.10902505899144763,-0.6074772923501717,0.35544250983194786,5,3,2,4,M4M
20114,0.05628049567192008,-0.936639465318932,-0.024518278085860573,0.11258963961757983,3,1,3,4,M4N
24475,1.8912260911061494,-0.7304583284911952,-0.4409642697425945,0.34379531233568944,5,2,2,4,M4P
11696,0.7750469211798051,-0.8207280836538133,-0.6702840273726058,0.1848686733504617,4,2,2,4,M4R
28245,1.5991403759997522,-0.9893474113810943,-0.46418478314455663,0.31284252505193844,4,1,2,4,M4S
15394,1.324042920736001,-0.8590975788327919,0.14018486037371705,-0.16334002487124855,4,2,3,3,M4T
19660,1.658275650512818,-1.0925563380997456,-0.013651331697812819,-0.18369457205203463,5,1,3,3,M4V
17972,1.4105480543065325,-1.1402087956108944,0.15300833014083026,0.09785121669769638,4,1,3,4,M4W
20825,2.1745640069770475,0.8493654465466025,-0.46082543367284523,1.617914713074238,5,4,2,4,M4X
35463,2.9810526322637405,-0.7149988021857993,-0.608814912122071,0.7295109776882666,5,2,2,4,M4Y
41698,2.3749747352589576,0.4792696741157852,-0.6405768576489999,0.6518920279726365,5,3,2,4,M5A
19889,2.7859064779589215,-0.9075606803583386,-0.7173306472219317,0.7311472744163103,5,2,1,4,M5B
5386,2.6464132161760117,-1.1202361659650948,-0.5512350732606759,0.28797204060025994,5,1,2,4,M5C
19982,2.3937694675460914,-1.0417688886068461,-0.7317617616995796,0.623309110278801,5,1,2,4,M5E
9876,3.0181312582605306,-0.5598000565202511,-0.8458705690392871,1.740652947489672,5,2,1,5,M5G
3416,2.9668479262652223,-1.7821058697207262,-1.1725263593056205,0.5390323953934426,5,1,1,4,M5H
20984,2.2426520202194538,-1.5908356630630005,-0.6875857242727316,0.669431154490898,5,1,2,4,M5J
28251,-0.14686667753736152,-0.7432220542929099,-0.434184284257973,0.2981600476116597,3,2,2,4,M5M
17403,0.46846502781037747,-0.5849339193518932,-0.5483853802862151,0.5143569969774752,3,2,2,4,M5N
20742,1.1864582564468709,-0.9592419977805421,-0.28935704886134417,0.11781084673613919,4,1,2,4,M5P
32676,2.176669072509457,-0.8924849743916942,-0.13081260967997915,-0.11281269239050068,5,2,3,3,M5R
15338,2.450132395284718,-0.49429045527024396,-0.16842256968424826,1.0049567493413742,5,2,3,4,M5S
18470,2.2480983553504057,0.8257987098266376,-0.27986065317948017,1.1294133134926365,5,4,2,5,M5T
50812,2.871202365863045,-1.5480392871503186,-1.3049246488704243,0.5246918449696527,5,1,1,4,M5V
4610,2.502762462629067,-0.4654795780477224,-0.2573240338989154,0.19993068914750542,5,3,2,4,M5W
25452,0.70521533025829,0.8282859179682147,-0.30673806270972814,1.3133308849573313,4,4,3,5,M6A
33543,0.586107998935933,0.18954401512017408,-0.15500715804868379,0.8832591298466745,4,3,3,4,M6B
24262,0.7447314786001155,-0.1242712404567637,-0.5002752786714616,0.2989840729489325,4,3,2,4,M6C
39868,0.43913289522867976,0.698832531065742,-0.18256946209042346,0.6949700257536873,4,4,3,4,M6E
34398,1.1099654025559627,-0.19231556052308277,-0.34381515830676207,-0.023895855552968196,5,3,2,3,M6G
47498,1.1027153541341108,0.13520783526239,-0.6357628316908501,0.34338571648879956,5,3,2,4,M6H
37743,1.5728807726976926,-0.5033519475769812,-0.763822829023607,0.12054290038995306,5,2,2,4,M6J
55044,2.3259893151703555,-0.2326248213429984,-0.9144429894183745,0.5213105837629172,5,3,1,4,M6K
27446,0.4914393958126868,1.3416004408148,0.007207393178277325,1.3654876533737883,4,4,3,5,M6L
48129,0.6713098121900313,1.479617914913005,-0.40115462741496816,1.3125336796409446,4,5,2,5,M6M
41546,0.43731837818954894,1.2782014759763873,-0.25817371630055846,0.6646973389980986,4,5,2,4,M6N
42900,1.349613855344662,-0.5166880318277854,-0.6051509885386949,0.14672737347179488,5,2,2,4,M6P
23517,1.2569706762382107,-0.581948176492835,-0.8351228220744146,-0.1840002386781052,5,2,1,3,M6R
35222,0.47927424507563465,-0.5189796084109363,-0.4662031195795811,-0.06154685786729886,4,2,2,3,M6S
41963,2.650895519194219,-0.7650419580125348,-0.5129183088038034,1.2596935139551033,5,2,2,4,M7A
35564,1.5812762708937125,-0.0719030739091497,-0.2453514503252446,0.2535013162596445,5,3,3,4,M8V
20845,0.5253881448460542,-0.07597021788649558,-0.2848557098525785,-0.10049888064802114,4,3,3,3,M8W
11735,0.24686203321354927,-0.9073234492657007,0.1843094301004687,-0.26486624558466126,3,1,3,3,M8X
24104,1.097725316773108,-0.5373187504561484,-0.47744298145764186,0.2149155016715483,4,2,2,4,M8Y
24228,0.6767523609289664,-0.7501341187762506,-0.18969216502204062,0.036390689796103694,4,2,3,3,M8Z
38106,0.7972615929191466,-0.3783288259465175,-0.09969818555513567,0.41656910966698163,4,3,3,4,M9A
36970,0.31320309509932376,-0.4211812572322423,-0.2767740746548012,0.35693578261349745,3,2,3,4,M9B
46405,0.5623993272891067,-0.17237916844740886,0.05380509611429809,0.39608338793686027,4,3,3,4,M9C
18181,0.03576049639007757,1.1817507519913644,0.01984623825383646,1.4993556047922558,3,5,3,5,M9L
24814,0.024912875259208465,1.0476132183233657,-0.3285105624160555,1.6065201976567665,3,5,2,5,M9M
25882,0.8229594958603275,1.3361354536700023,-0.3560262292219302,1.2762746938269456,4,4,3,5,M9N
21382,0.3675711911673838,0.24141927463492655,0.5072644324764756,0.3569914402578805,4,3,4,4,M9P
35404,0.41539245436043964,0.9293365586579765,0.11954744862213315,1.359729472973393,4,4,3,4,M9R
55961,-0.01607735523813014,1.566935152532925,-0.29957569789070965,2.375575494693822,3,5,3,5,M9V
41872,0.1261142406465896,0.7858012035026987,-0.2744962973303401,1.500267028715585,3,4,2,5,M9W
44778,-0.36639452668287986,-0.20517099589572999,0.3971817556288357,-0.8535655281948944,3,3,4,2,N0A
138630,-0.7551598952486117,-0.5650007901096447,-0.323132994938051,-0.49926998667429134,2,2,3,2,N0B
24033,-0.5119001789688761,0.09840816447210085,0.1853200087018682,-0.8167991606540175,2,3,4,1,N0C
56139,-0.5767515081909012,-0.08481657182787367,0.17197099178412517,-0.7335280907932631,2,3,3,2,N0E
108386,-0.5729208052495803,0.0010820296674108874,0.0623767841557766,-0.7850932275976141,2,3,3,2,N0G
62613,-0.26967341051756016,-0.46220456527093423,0.8711075913959244,-0.9451375894433106,3,2,4,1,N0H
58865,-0.8353080464864521,-0.03260488578851616,-0.26889857558753094,-0.5885427328175146,2,3,3,2,N0J
38554,-0.7195056384430668,-0.1066946160513566,-0.279915573722986,-0.6661681011834313,2,3,3,2,N0K
61612,-0.6041622515052423,-0.40211562559027453,-0.03741034347726095,-0.7870817065393924,2,2,3,2,N0L
80798,-0.41176731173524084,-0.417762718520941,0.26318708979000716,-0.86459177359421,2,2,3,1,N0M
45526,-0.46718629832388103,-0.4442061097553924,0.23907605114661953,-0.7650323327367435,2,2,4,2,N0N
71019,-0.4913601904343063,0.08793762770712067,0.3462787765299286,-0.791629513201045,2,3,4,2,N0P
65712,-0.6607576023032324,-0.5075146447356801,-0.030261235751095662,-0.6754014219131513,2,2,3,2,N0R
16446,-0.4006906323662896,0.1661109958623982,0.41195110281557823,-0.7753398462226074,3,3,4,2,N1A
4585,-0.48550795097033816,-1.0871264883559433,-0.7440338796505997,-0.06436769545736097,2,1,2,3,N1C
43119,-0.03574521823629962,-0.37827497457165055,-0.4932413635549063,-0.3474161711243303,3,2,2,3,N1E
29096,0.17168153210705933,-0.6046728573602902,0.16031718302866385,0.11077877556674456,3,2,3,4,N1G
56619,0.32036691377606474,-0.2642311360309437,-0.2110517002606546,-0.22982084106810433,3,3,3,3,N1H
11871,-0.6153830563575942,-0.3385231132760509,-0.7069553909705163,0.3469442257831691,2,3,2,4,N1K
19238,-0.377742289234224,-0.9202165142413973,-0.7593763804065391,0.3165928968629276,3,1,2,4,N1L
21792,-0.2983119821937867,-0.6227887811824065,0.09145639557732195,-0.6640763049001471,3,2,3,2,N1M
9556,-0.8470096732084552,-0.20952896004552116,-0.9608332464282129,-0.003916390596483864,2,3,1,4,N1P
47488,0.14733126881100486,0.4402737087982857,-0.08114799061548178,-0.21078941737674778,3,4,3,3,N1R
22314,0.05410411981733439,-0.10611156140862242,-0.23962949706197903,-0.4704672631148157,3,3,3,2,N1S
18823,-0.859740619547256,-0.4214280175708442,-0.8497075241684642,0.4070460748078415,2,2,1,4,N1T
31253,-0.1203039260818161,-0.17054044539573798,-0.25751113430838646,0.046296583227786126,3,3,3,3,N2A
17248,0.30843457611079544,-0.03506031507276205,0.1181285277647263,-0.4860819027299399,4,3,3,2,N2B
17819,1.0823413492368257,0.5601302937076714,-0.2724557849510635,0.6709767859033056,5,4,3,4,N2C
49428,-0.20325054793432876,-0.1792172786200939,-0.8582019431264267,0.4021028576335883,3,3,2,4,N2E
16508,1.8053134183325663,0.151380277603889,-0.18557421354500844,-0.03903067490331959,5,4,3,3,N2G
24699,1.2414786985195756,-0.01652439139361919,-0.16489369525162959,-0.4419698979558281,4,3,3,2,N2H
47716,0.05008980283688898,-0.540395010064318,-0.3586668079423883,0.2257371178313563,3,2,2,4,N2J
28178,-0.4264067948538931,-0.7874977774568459,-0.6967081819433244,0.04501830199765775,2,2,2,4,N2K
30933,1.1175170040146123,-0.013156933460252814,-0.08433479228390396,0.4311782453189473,4,3,3,4,N2L
38422,0.6697569418321535,0.39252926454843584,-0.298679660087554,0.2826523473400395,4,4,3,4,N2M
26465,-0.6178902881160777,-0.4848380432866806,-0.5140250589741546,0.08610052671309276,2,2,2,3,N2N
21388,-0.4740493767527586,-0.7383287215696186,-0.7783068798293435,0.20364219759594168,2,2,2,4,N2P
13366,-0.527393720349768,-0.9711884871569654,-1.2872955532961994,0.4436728226528505,2,1,1,4,N2R
31040,-0.6378082999743879,-0.7612957314049291,-0.7294620373188144,0.7173640611750324,2,2,2,4,N2T
23903,-0.5577768751027068,-0.8775482520467721,-0.5824683418892607,0.511636264389993,2,1,2,4,N2V
14881,-0.2506728849760768,-0.625015679275452,0.5628769678341509,-0.8201187150192863,3,2,4,2,N2Z
20062,-0.6650073195022927,-0.7998710877819758,-0.08222156416139971,-0.5883504704124213,2,2,2,2,N3A
16911,-0.914391655537047,-0.10654218122121693,-0.3400040536404115,-0.4991255285013304,2,3,2,2,N3B
26573,-0.6140944027653258,-0.6014396695645956,-0.788635553646709,-0.17049445810984845,2,2,2,3,N3C
998,-0.6410704401442886,-0.7073217685050099,0.47897730940881766,-0.40431527272745493,2,2,5,3,N3E
25261,0.3470285987014371,0.1467672666136733,0.203953856710344,-0.5071616291666996,4,3,3,2,N3H
22532,-0.4822694986450825,-0.5813816331726434,0.06823529414783415,-0.7148448694441684,2,2,3,2,N3L
8655,-0.42675891151507794,-0.032344942608781034,-0.4429996966969383,-0.2354501659982669,2,3,2,3,N3P
51321,-0.171919466116541,-0.03924344759219423,0.13138812619140308,-0.3911626792639661,3,3,3,3,N3R
30874,0.39962470945319684,0.9951353754231391,-0.13839290632328177,-0.41777392857903095,4,4,3,3,N3S
47200,-0.11231099078353811,0.06808518531860172,-0.27410555478281773,-0.26374816559413145,3,3,3,3,N3T
2108,-0.8014301064857686,-0.5854175853519924,-0.1817026294516129,-0.4441365138301708,1,2,3,2,N3V
24178,-0.6239695431371908,-0.4967311026161798,-0.21262936827570514,-0.6511853859064853,2,2,3,2,N3W
31746,-0.09411175939973537,0.11977416997016939,0.7209949179689094,-0.817312857226674,3,3,4,2,N3Y
13386,-0.3488607318421485,0.16183400431913939,0.3254248194044525,-0.8168318203631406,3,4,4,2,N4B
27682,-0.33527094016989367,0.2261438737128098,0.40407831843479514,-0.6631595172343401,3,4,3,2,N4G
33607,0.18277648772172472,0.07669687877873656,0.5591682209722977,-0.8326403244510073,3,3,4,2,N4K
10716,-0.10333695180365807,-0.27277109817217243,1.0311301489382234,-0.9193839515056924,3,3,4,1,N4L
13209,-0.10155991534673328,0.07678072068847003,0.7567902779800895,-0.8880236865320615,3,3,4,1,N4N
46092,-0.023002718539269353,-0.1454467360021045,-0.048958676339668494,-0.6654908231086958,3,3,3,2,N4S
12124,-0.2574037659617288,-0.5875963876273507,-0.16223389423507095,-0.37624245011803037,3,2,2,3,N4T
6157,-0.022957826694006825,-0.40032677017378593,-0.10447532793811919,-0.32813207173623515,4,2,3,3,N4V
15896,-0.7031624427840967,0.1513460098935581,-0.3020692825150982,-0.556626377991633,2,3,2,2,N4W
14849,-0.39488604988181014,-0.5422591961779918,-0.00993785104357196,-0.8198517100446493,2,2,3,2,N4X
4262,0.046789247041295216,-0.15128284167902392,-0.12287496263327079,-0.3874348862193806,3,3,3,3,N4Z
33457,0.2734411524740114,-0.1995720461825029,0.11095450549048033,-0.69511486967119,4,3,3,2,N5A
19783,-0.3619198821421422,-0.27176730139427785,-0.3040161662836273,-0.7537249996284687,3,3,2,2,N5C
20766,-0.7315581839072041,0.5149078883861119,-0.1199103145258114,-0.3902083279868535,2,4,3,3,N5H
5107,-0.2701391709502643,-0.5768822105607989,0.5934685628513806,-1.0466917048047777,3,2,4,1,N5L
29833,-0.16866923119508595,-0.06685049325116485,-0.03336016146337947,-0.6265492912530755,3,3,3,2,N5P
28251,0.010921355928498152,0.098600978314396,0.272283473154791,-0.6254782811390042,3,3,4,2,N5R
34529,0.05536148978276229,0.7434555047953605,-0.3606695455290915,-0.08961184222346431,3,4,2,3,N5V
26768,0.7652048593277792,0.746881608630641,-0.07080598987145094,-0.4612670763725343,4,4,3,2,N5W
38732,-0.2271778996468553,-0.7253741106535678,-0.17739870073915626,0.298954242776722,3,2,3,4,N5X
42613,0.803774428547861,0.6927507842263863,-0.3136489858279164,0.2949070853673293,4,4,2,3,N5Y
24709,0.4954433951154638,1.1276507306963854,-0.16509222989445144,-0.17148341411299525,4,4,3,3,N5Z
19030,2.0993918334949555,-0.07226788707530223,0.024801612519022617,-0.275686626436784,5,3,3,3,N6A
12477,2.7658971076015066,0.2410879452087841,-0.2190582820477679,-0.30950610612743445,5,3,3,3,N6B
32813,0.700062558443452,-0.16974106035607833,-0.18137865982857407,-0.5144229282838508,4,3,3,2,N6C
32101,-0.039682091836266795,0.4864013006627208,-0.08646677457540265,0.3620103014533503,3,4,3,4,N6E
46624,-0.07313601276239702,-0.4877644560224564,-0.35612211213527384,0.48814401342917807,3,2,2,4,N6G
56535,0.5819775344741667,-0.35600673434428226,-0.011574389547359986,0.4357057438609357,3,2,3,4,N6H
31202,0.8718957622811359,0.34909658546753414,0.28315239194445874,-0.11247425426395743,4,4,4,3,N6J
37749,-0.029640711707065098,-0.5324240137704841,0.2841965968936395,-0.1045090181047975,3,2,3,3,N6K
4649,0.23029612513185632,-0.6110372767562916,0.029979026647235965,-0.011286923409980639,4,2,3,4,N6L
8226,-0.7801543846569414,-0.6487011826438123,-0.46502679482190623,-0.17819930892000968,2,2,2,3,N6M
1669,0.25942489398022767,0.49087768730856784,0.6633293449484722,-0.41698017291491907,4,4,5,3,N6N
13607,-0.194411668860513,-0.9574087402628794,-0.1555606744892335,-0.20162088911038434,3,1,3,3,N6P
14482,-0.058368590606131726,-0.32481396825445386,0.8878344079506973,-0.9382204748811627,3,3,4,1,N7A
22592,-0.3428606470229727,-0.2124368025853842,0.13046988302337115,-0.7294036279105879,3,3,3,2,N7G
25713,0.3106305494867188,0.4130082225901295,0.653741915278575,-0.5766501820126004,3,4,4,2,N7L
36950,0.012098693325250333,0.4666610775048988,0.5244925440529634,-0.6564226327598645,3,3,4,2,N7M
29357,-0.11624259897210205,-0.20494858916333406,0.24099042696859346,-0.4552525165244748,3,3,4,3,N7S
30982,0.7388264657500807,0.6649954712839392,0.6166844432134142,-0.6430903789206636,4,4,4,2,N7T
12650,0.1951426764294071,-0.3003553354521739,0.9782386836059289,-0.7703204479784981,4,3,4,2,N7V
2631,0.03627578368339034,-1.0299583806161154,3.129082662139871,-0.9754337325431395,4,1,5,2,N7W
1702,-0.5394712231163337,-1.100586474840188,0.8720344861574617,-0.8855863132632197,2,1,5,1,N7X
17151,-0.09416854602833655,0.4724644856474257,0.6161866617723164,-0.8327298173434202,3,4,4,2,N8A
31286,-0.388989942900179,0.6591554919615803,0.3600053681544781,-0.3290025085736112,3,4,4,3,N8H
20089,-0.3998947376633481,-0.31634448153153466,0.09955737871979692,-0.825354666513266,3,3,3,2,N8M
35785,-0.4595127296476456,-0.5235289200746122,0.07040667759944108,-0.3387091365986307,2,2,3,3,N8N
14015,-0.3507992312270425,-0.5477897958889048,0.5558467023180877,-0.2472614047648234,3,2,4,3,N8P
12691,-0.49889562980529506,-0.05294922467031757,0.12717385768662828,0.0698570866301316,2,3,3,3,N8R
22251,0.6820958497126867,0.026131446793402544,0.755831615782302,-0.5713931524580019,4,3,4,2,N8S
19471,0.4604739105056751,1.4344229459238864,0.4160543625214935,0.31018743250778086,4,4,4,3,N8T
714,-0.330057152,-0.290811959,0.692719521,-0.814619888,3,3,5,1,N8V
27723,-0.10114240970050135,0.30677420565191355,-0.11134858639840564,-0.17518718098935904,3,4,3,3,N8W
23349,0.5106452172123432,1.003342723257484,-0.15119582459047498,0.18220573800000003,4,5,3,4,N8X
20980,0.9917110241779789,0.9324863080601528,0.28327254110028594,-0.3331140221173021,4,4,3,3,N8Y
45096,0.7012197114048029,1.0268881427745922,0.3082996193670836,0.812332581945849,4,4,3,4,N9A
21774,0.3367128629407092,1.16863323714972,-0.09968264972623313,1.326165078925691,3,4,3,5,N9B
15898,0.6572175415935337,1.4300733489242674,0.027138825262548755,1.1130079612402817,4,4,3,4,N9C
26091,-0.6354070237666245,-0.24954410251841633,0.0634348207448162,0.39797494586148485,2,3,3,4,N9E
20536,-0.5850927974680561,-0.5167517230032138,0.12003858985391509,0.6355774304629919,2,2,3,4,N9G
11104,-0.5280408338179033,-0.6367231516547189,0.23054847618740992,-0.16244670542741355,2,2,3,3,N9H
20710,-0.6827269188174796,-0.7671787502507966,-0.4343058974667794,-0.38546924102930946,2,2,2,3,N9J
4228,-0.9293642790113529,-0.7840865035115894,-0.24019308346073792,-0.05309568099952693,1,2,2,3,N9K
23319,-0.3955982234908873,-0.4167459809362751,0.106149447939277,-0.6620321381049786,2,2,3,2,N9V
18844,-0.42064452737141805,-0.2340951443474846,0.4122086295241987,-0.7370797576170133,3,3,4,2,N9Y
22070,-0.21445573502727688,0.3665248682142275,1.1605249374088358,-1.0743281748811055,3,4,5,1,P0A
20640,-0.21791165027839146,-0.3338043455842054,0.5731199908778586,-1.0371835512527618,3,3,4,1,P0B
8066,-0.20590007447061742,-0.3189750693741632,1.2112688767575008,-1.1507089280183487,3,3,5,1,P0C
8690,-0.30907699547054085,0.06223975066306101,0.6926348737583428,-1.0771688626409666,3,4,4,1,P0E
5294,-0.33054491258859087,-0.2560284567648281,1.4810108558896864,-1.2190348411756704,3,3,5,1,P0G
35863,-0.3799864261210719,0.17452674214310016,0.5863762144850961,-0.9257688245116138,3,3,4,1,P0H
20764,-0.1356950413213254,0.3772165123824889,0.5726768364769795,-0.9483299767633402,3,4,4,1,P0J
12752,-0.18498655652776036,0.47933928717832497,0.73496106138096,-1.0090707912713297,3,4,5,1,P0K
16811,-0.06026226614472665,0.44212360291112957,0.3561906032091487,-0.9790895724869431,3,4,4,1,P0L
60299,-0.236654029142805,0.03077919749196505,0.22632559268639607,-0.8531682286747043,3,3,4,2,P0M
12042,-0.26098089951112774,0.01007285053753532,-0.13679312948488626,-0.8739987259170401,3,3,3,1,P0N
14230,-0.22794932988306393,0.38266402061539,1.116343206655657,-1.07536933439487,3,4,5,1,P0P
13239,-0.26068780373200395,0.36737418465911337,1.1398830900396555,-1.0903386114248055,3,4,5,1,P0R
11501,-0.3319264900380836,0.15724451183670984,0.43778964109868707,-1.0469665413006695,3,4,4,1,P0S
23615,-0.39074929196171926,0.17143034625432987,0.48013716082231606,-1.033516836565488,3,3,4,1,P0T
11466,-0.28292279897217865,0.10369920427420197,-0.11116637446206176,-1.013400365655416,3,3,3,1,P0V
5694,-0.5514501396027396,-0.06257466770302073,0.5083861851865121,-0.9873622718856689,2,3,4,1,P0W
4572,-0.316238617235783,-0.1834989296922572,1.267072937466098,-1.1467039228488625,3,3,5,1,P0X
456,-0.208126529,0.7973485139999998,1.34958038,-1.459619086,3,5,5,1,P0Y
17575,0.28401653129718346,0.41873050994708394,0.3731009568661167,-0.583235625371949,4,4,3,2,P1A
36667,0.5010291631376714,0.3628900113149971,0.2521807889984728,-0.6285821759439277,4,4,3,2,P1B
5816,-0.698356020494154,-0.9763796093641679,-0.18497033725670564,-0.5497659881040234,2,1,3,2,P1C
21713,-0.10166153965518351,-0.20332012545083597,0.6067677704366968,-0.8845585818772165,3,3,4,1,P1H
18550,-0.07660618600911052,-0.22830668620048508,0.5350071526023182,-0.9105183208396226,3,3,4,1,P1L
15199,0.029664444194420686,0.13589372787189946,0.9686794172927168,-0.9245100271781038,3,3,5,1,P1P
16015,0.058189929400936626,0.0678740874433968,0.9277652335224476,-0.9611896808294099,3,3,4,1,P2A
10543,0.12090722535976473,0.6924883391703499,0.9825769787069146,-0.7710964706151949,3,4,4,2,P2B
8094,0.5961086089366198,0.755446635701013,0.4525753232294292,-1.0224617803422287,4,4,4,1,P2N
26056,0.3233398289631562,0.28707020098514746,0.3929271391801887,-0.4827012419051659,4,3,4,2,P3A
15903,0.8695164495860531,0.7871927334812299,0.058261246437653263,-0.45676016321756896,4,4,3,3,P3B
16923,1.5212529616423214,1.4232695876201025,0.11213530789747686,-0.4522065446871122,5,5,3,2,P3C
38599,0.6002881727525583,-0.14445859826500684,0.2645927890020467,-0.5951991621453666,4,3,3,2,P3E
5681,-0.6043940889621545,-0.7569259947081501,-0.03665452012444992,-0.8133809557954584,2,2,3,2,P3G
8919,-0.3265367933168516,-0.16889684806749633,-0.48214349681668345,-0.6677291699621034,3,3,2,2,P3L
9910,-0.5953868613632695,-0.3320344680529767,-0.16254989848123108,-0.7003967186167507,2,3,3,2,P3N
16721,-0.6764534735400395,-0.3327844567211291,-0.35734129024974587,-0.6195886326826745,2,3,2,2,P3P
7558,-0.44300184909857104,-0.5930205601947605,-0.043148942079386084,-0.7979652852595924,2,2,3,2,P3Y
32718,0.10149163832398064,0.3679656835964606,-0.10483928546115288,-0.7624269885885749,3,4,3,2,P4N
3974,-0.4350791360120785,-0.29955984198565677,-0.5956146998127831,-0.5026117015636639,2,3,2,2,P4P
6445,-0.5585002486868891,-0.46085188646578734,-0.6260985925972071,-0.7224100156220326,2,2,2,2,P4R
10741,0.47920965417112005,1.1413938683603013,2.473394037708221,-0.9651484063203613,4,5,5,1,P5A
5781,-0.0666732278505449,0.18204383018111053,0.5935355434884968,-0.8799721468019375,3,4,5,1,P5E
9332,0.15882446810437204,0.3440736986512002,0.5834539037438918,-0.9287848289793182,3,4,4,1,P5N
43043,0.12512141321680648,0.12016713459377833,0.5402242074624445,-0.7001726807333831,3,3,4,2,P6A
24620,0.39843525218757103,0.27627926911137296,1.0025104640491878,-0.6212166195293257,4,3,4,2,P6B
21022,-0.013173747563600065,0.4517429044220341,0.3440029012299496,-0.7378678912529731,3,4,4,2,P6C
30992,0.3125764719107189,0.2113384450210054,0.4961382342936888,-0.8732282135392356,4,3,4,2,P7A
27936,0.4698130299307703,0.44724743040113124,0.36028026077677544,-0.5000444910327891,4,3,4,2,P7B
24638,0.1821244665021106,0.4207908386774901,0.2896416192351247,-0.6046323977105283,4,3,4,2,P7C
26098,0.4922603252525097,0.42813298004479283,0.39155058721005437,-0.7675738022556516,4,4,4,2,P7E
15522,-0.6065098857803763,-0.6208470780114674,-0.062317024908194824,-0.643861146927909,2,2,3,2,P7G
6360,-0.7318316951750001,-0.556752621126415,-0.18550521402374215,-0.6810077663515725,2,2,3,2,P7J
10459,-0.6523079947266468,-0.7854153298611722,0.10852465888880387,-0.8128814626448991,2,2,3,1,P7K
2055,-0.6553177527474452,-0.0908567566705596,0.22097408730851584,-0.9200817646145985,2,3,4,1,P7L
7529,0.1722913261492894,0.21025904380754415,0.3088300455772347,-0.8524938735808207,4,4,4,1,P8N
5120,0.019508581817382818,0.26961900089375,-0.888450743099414,-0.6279411906726563,4,4,1,2,P8T
9513,0.05816546207968044,0.11914341281793345,0.21367666376842215,-0.8892552653738042,3,4,4,1,P9A
15523,0.011898586927269238,0.0723935820317593,0.18077669644327768,-0.9228203932383557,3,3,3,1,P9N
1242,2.525578192,-1.800800174,-0.830528591,0.638886033,5,1,1,4,M5X
1242,2.525578192,-1.800800174,-0.830528591,0.638886033,5,1,1,4,M5L
1242,2.525578192,-1.800800174,-0.830528591,0.638886033,5,1,1,4,M5K
562,0.707889229,-1.278036824,0.736640777,-0.388075712,4,1,5,3,M7Y
212,0.417577427,-1.673866977,6.927554552,0.421422995,4,1,5,4,M7R
