SD_Instability_DA16,SD_Deprivation_DA16,SD_Dependency_DA16,SD_Ethniccon_DA16,SD_Instability_q_DA16,SD_Deprivation_q_DA16,SD_Dependency_q_DA16,SD_Ethniccon_q_DA16,PCODE3,count
0.44791821352669425,0.5535675283364601,0.6891701629168138,0.18573608938062644,1.0030120550141812,1.0362945940567245,1.0943430572715722,0.4302828001262246,K0B,52
0.4970104876583516,0.6172096542621117,0.7690338343350703,0.20666473940085292,1.0604760364204475,1.049577199858444,1.1738090864908821,0.5048199130451613,K0C,127
0.4279143120213214,0.4288900284500558,0.5996826850805665,0.3262380867736868,1.0189581857207626,0.9833642207757374,1.2148000291447976,0.7945878767821314,K0A,211
0.4469981557617508,0.6633773069374367,0.6867461135909025,0.2163648089541172,0.9688639316269663,1.165940155249549,0.9900030812051829,0.5059329696326117,K0E,117
0.38017472587752343,0.4619650045369451,0.7005108602936181,0.22474392947016888,0.9230574742785568,1.0944902408104311,1.1067043972321042,0.5152636599674452,K0G,104
0.5746825724418898,0.3610637023215432,0.7021606628300981,0.2724569140459143,0.8276819867946673,0.8193072487266861,1.2148506364839742,0.7279320417946062,K1E,30
0.6859266953203873,0.49836029512601093,0.7256880208176939,0.464448016950755,1.3650189874716732,1.1091555295361264,1.3125857518395525,0.8401977168439763,K1C,60
0.6772837427394408,0.7730730356551159,0.7634608763386972,0.5626364511413903,1.3425421240462847,1.253623779546783,1.6014106684521177,1.0993949949125246,K1B,32
0.9576572644909409,0.857284306851985,1.0026623556878365,1.0164072545407843,1.3369276028575339,1.440591732733747,1.4165608064154624,1.1416799030846692,K1J,43
1.062541946819522,1.5689400416306558,1.1663842259804873,0.8502577965111773,1.0421719862765415,1.2817398889233114,1.4412296337304675,1.125039681839839,K1K,50
0.7319273258348645,0.9142962403202833,0.9841651284942903,0.5664834123211224,0.5477225575051661,1.149212624004981,1.5624913792865636,0.952311163288627,K1L,30
1.0153926834180165,0.46146717298490436,1.1940612683484526,0.29704599875864507,1.4411533842457842,0.4385290096535146,1.3155870289605438,0.8548504142651103,K1M,13
1.401900461010091,1.3174292743568443,1.3003451214422248,0.6843353158476302,1.2674587223666205,1.6263951827039393,1.5041162160544141,1.2101719419290211,K1A,31
1.1674719752834977,1.8011977581949963,1.1479032747303097,0.9849929358397091,0.9000561149733999,1.59955801976229,1.61370393940165,1.2177143683262848,K1N,45
1.09365578915042,0.43579709458311905,0.7143706074449292,0.5701291366925322,1.2262436419357106,0.8854838409892419,1.3656126680664886,1.0546302185881,K1S,50
0.6895114126101912,1.1589224896339905,1.2467417762563353,0.6530883331706181,0.0,1.50248835748162,1.268993627874548,1.048260737942924,K1R,30
1.1464919963600009,0.5541721006543793,0.8245196104523266,0.5340001435844077,0.4472135954999579,0.8944271909999159,1.6733200530681511,1.3038404810405297,K1P,5
1.3222079311428943,0.7003710692285804,0.7912322103665193,0.43463559570752947,1.1938998389298934,1.2535663410560176,1.3601470508735443,1.0764432909959347,K1Y,36
1.162345404951986,1.8440428834320388,0.75684905686004,0.9241002637816865,1.4103913565664896,1.7378846092246047,1.3799215686996429,1.2967310711882998,K1Z,39
1.160766084555203,0.41774686689763685,1.229497372748168,0.2723757245148484,1.4949409636666209,0.8992842271563097,1.3214431963622657,0.712443511849015,K2A,33
1.2235212413832455,1.232960571738157,0.9129838289560789,0.8860267591321899,1.0614775104013658,1.4478284482428039,1.4138864631291284,1.213552822617951,K2C,47
0.7821881980140791,0.6476982401527468,0.9018997053542811,0.6833394253484888,1.3639711429761203,1.2504480536985656,1.5990189469522593,0.9250489420064532,K2G,83
1.0693942124919469,0.7846234270920606,1.0711894170717713,1.0628541944706666,1.3214431963622655,1.4466523529525088,1.6207695516000846,1.0923286218816286,K2E,33
0.9476296015947236,1.3885372651697214,1.1396354758089464,1.2594479135707044,1.3486968710846277,1.5403286664938765,1.6328431960028749,1.1489176447136717,K1V,83
0.7108403418607593,0.9103396545887107,1.0431527251397332,0.7591238569215886,1.1697653883705859,1.3836366411055792,1.501624415932567,1.1454504518261157,K2H,48
1.0959456527900926,1.5535526926608139,1.1324896283740964,1.1827470267432463,0.912234560377704,1.150670157711014,1.456492533252155,1.213790293142065,K2B,42
0.370335672467174,0.42140259085926185,0.7025823592529553,0.6161121220615003,0.8711168297056542,0.9049253951507301,1.224015876246494,0.9445860354243693,K2J,79
0.6765319321679993,0.9013703668393658,0.506049450208923,0.8860628043588157,1.1343662489631763,1.5062432634766434,0.9825810223413972,0.7207770248277338,K1T,37
1.124563961078942,0.8348911038424365,0.7680957697496007,0.6539842977402676,1.4259499757471625,1.3113124074319809,1.0063019815944514,0.9732042112432565,K1H,30
1.0767425743566326,1.2898008542143249,0.9776677973400797,1.0146767108433117,1.136515141415488,1.5033975128463706,1.3615217576662664,1.2926400764895614,K1G,49
0.5780651447242803,0.3665419021548137,0.7324808436828678,0.43783922320880064,1.3416407864998738,0.674199862463242,1.4459976109624424,0.8201995322647244,K1W,11
0.4750520882239711,0.07026558268416908,0.9721938005550531,0.7951160969727331,1.4142135623730951,0.0,2.1213203435596424,1.4142135623730951,K1X,2
0.4007011881176135,0.6606493627553484,0.8913002815630096,0.2559677512539181,0.9188917168084224,1.216003368806973,1.0545813512610303,0.6136964857512031,K0H,99
0.4661071276620425,0.658300865681687,0.8610082046228996,0.24206513699543317,1.0032311196808525,1.1168322707752059,1.0174590750087038,0.5871561114817153,K0K,228
0.41510221472431363,0.7408039059601532,0.7849566135315844,0.23588146630122897,0.9118399355413498,1.2488485384281833,0.8433738964102305,0.5438522002103396,K0L,158
0.4042062863192216,0.6548867844474041,0.7767787560797793,0.27826368637069554,0.8798201784808434,1.1417071915197634,1.0555742508926054,0.5186216896235604,K0J,69
0.3698063823883776,0.5047256787951282,1.0818630144579977,0.2196779355339965,0.7970707464864685,1.080236802110333,0.9244133878661521,0.4350227396517396,K0M,83
0.822467001341815,0.4443384255489941,1.2374356476505903,0.5713925780995669,1.3531483484679987,0.964226565054738,1.6562975937105853,0.9173131497117799,K2K,42
0.395185148096468,0.5229277133134635,0.6107216835570625,0.35347683727367557,0.9394550322265337,1.1439895634192303,1.1798497593106736,0.9837698055454996,K2L,33
0.44982801262389055,0.5254161129396645,0.9950608289653501,0.5152089889105268,1.0506334494776426,0.9832262562440762,1.51870063307527,0.9069623173877128,K2M,32
1.2963948190084282,0.8097718290211707,0.8315549195171376,0.41098215616929834,0.999093792292346,1.2937979144666532,1.5316704909195133,0.8501917942185291,K2P,24
0.6046595795369727,0.0007411893280397778,0.4059990501268604,0.07690947597581126,2.1213203435596424,0.0,1.4142135623730951,0.0,K2R,2
0.45488441536185426,0.34250678279068314,1.2422318018096201,0.3918528485549214,1.0178585540417864,0.6175608321302294,1.456063226690421,1.0178585540417864,K2S,37
1.219883750160289,0.2322792954033615,2.03624226871953,0.8007349900927252,1.5,0.33333333333333337,1.6914819275153699,1.1666666666666667,K2T,9
0.3361851236418911,0.2192467317355533,0.3139072500194034,0.5048806694932066,1.0,0.0,0.4472135954999579,0.7071067811865476,K2V,5
0.36602778129194186,0.17358730077437476,0.42442567318564345,0.6815203209754764,0.5063696835418333,0.4385290096535146,0.869718492622904,1.1821319289469756,K2W,13
0.4801590234190825,0.3097161217167533,0.567707123323429,0.48875373539155104,1.1379674067887362,0.7043983690882919,1.013391222886671,0.8513216142831533,K4A,71
0.43098396461370325,0.27418525608495004,0.5629139233008867,0.8022295294493814,1.0602749674192764,0.6183469424008423,0.9375953110592338,1.3920878193318216,K4B,18
0.2191102971131684,0.262877394814434,0.20355207631302047,0.20129262044915106,0.8997354108424374,0.7559289460184544,0.6900655593423543,0.8997354108424374,K4C,7
0.6458031369300724,0.6437639685009845,0.9272706197098268,0.20069528892743604,1.3887301496588271,1.325572652532805,1.4108423691100969,0.6690433824641326,K4K,21
0.35656405450878,0.323610807677456,0.8273722031728588,0.49234107044342745,0.8870412083230169,0.5712405705774795,1.4964871146156007,1.1516578439248717,K4M,20
0.2626545152560007,0.33851820005136324,0.5693615071232403,0.2696641499565031,0.7762500258061847,0.7679476477883045,1.3913653136029502,0.8548504142651103,K4P,13
0.309245278146196,0.379796372063397,0.42015664794511765,0.22746118665206053,1.067872125861979,0.936585811581694,1.1290942392774796,0.6578362547106201,K4R,19
0.8284707252675904,1.2468306144763117,0.9566152855919204,0.35403863209591213,1.1231822922119372,1.275207373784298,0.9478721108153455,0.7615773105863908,K6A,26
0.8625984980617561,1.4564920865299151,0.8654639180725009,0.4341282493350872,1.1925877318733684,1.3977075866898252,0.9705163470424717,0.9869318134573185,K6H,79
0.8753767295036542,1.126493482724635,1.715196266149739,0.41498597544447297,1.1875421719907089,1.1960348344576621,0.9586596581065523,1.0100707475121518,K6J,39
0.4142750465820176,0.4398504681067335,0.24193624901256178,0.23503857041058535,0.8864052604279183,0.9258200997725514,0.5175491695067657,0.7440238091428449,K6K,8
0.16095647273361882,0.2700577079951628,0.3911382175186929,0.2911388713859787,0.6324555320336759,0.6324555320336759,0.8944271909999159,0.5477225575051661,K6T,6
0.9265177882391276,1.0167818744836417,0.8484343567843137,0.2642001756523085,1.3057679112392697,1.295937649137424,0.9762743873801004,0.7495380788380958,K6V,69
0.6699048092357311,1.060957261044199,0.8116825278654777,0.2230073557081111,1.2939823197796942,1.3556566224707423,1.084255392468749,0.636300281927085,K7A,41
0.5350308145696384,0.4724391989397084,0.617953386167329,0.2161449924187352,1.1138409721454614,1.0735019408982451,1.1930428150931032,0.7511132557708274,K7C,34
0.6987119822986123,0.7380826382253469,0.7674000979292489,0.25138898724946385,1.011599393699568,1.3940349110884322,0.8981462390204986,0.5567764362830022,K7G,25
0.7758770555201487,0.5703205012765632,1.0207627923154428,0.16216724787476022,1.2244017575393895,1.1832159566199232,1.0041928905068676,0.4058397249567139,K7H,35
1.0754161505620583,1.682072046897815,0.8837446280216985,0.47868361003396864,0.9709122190034276,1.5700850004261346,1.3956182726106385,0.9539468086786069,K7K,53
1.482677809649177,0.6721830740727602,0.9444431102879395,0.5507575961766995,1.426557819422905,1.2102233517311565,1.3410307714960747,1.1865700856202455,K7L,59
1.08545549051765,0.7955975672468562,1.0210359719509932,0.5321248452596267,1.2075710530239063,1.2525922488073091,1.3705191661593525,0.9933322006053632,K7M,80
0.5100183111756417,0.7525074609810192,0.7267625230700666,0.25558780979306833,1.0681880176381127,1.224744871391589,1.4366984945013912,0.7510676161988108,K7N,13
0.7538474011655006,0.5222011424203299,0.8304606802484745,0.3029742858071984,1.3518824678560455,1.1564767285359963,1.2054882705540315,0.9070061182385527,K7P,29
0.6591190480320933,0.8429457318203866,0.7153149901632837,0.26491102655209187,1.133543397899099,1.3342258917285073,0.9705995528865095,0.6963624307217003,K7R,36
0.6902902362638769,0.693490608110043,0.5509814273635131,0.3108199220193014,1.3203534880225574,1.2909944487358056,1.1430952132988164,0.7118052168020874,K7S,25
0.7019240416891552,0.7419183533874111,0.7661761737437035,0.20995320913837384,1.1617890060511336,1.2136335542250332,0.8200084103858011,0.5109635445336238,K7V,29
0.7311986899461802,0.8472873892197584,0.9222203370914956,0.21364347560635338,1.2545427657200086,1.2817398889233114,1.1536985776897124,0.5627918743883488,K8A,50
0.3715732911018336,0.4706570647946133,0.28981964841542657,0.17250314479321122,1.1547005383792515,1.0,0.5773502691896257,0.5773502691896257,K8B,3
0.6924802052780848,0.39603705886220264,0.6574859437400111,0.22098808085454255,1.3932610920384718,1.0145993123917847,0.7174300539794394,0.781213234429025,K8H,17
0.9417336670826019,0.9641660524983543,1.0226135900226385,0.35900271483657414,1.3278133577660198,1.4317728726873937,1.1613600954419927,0.8486776973329103,K8N,62
0.8739969693758493,0.9343584976641204,0.9170313818289337,0.3123895495745126,0.890921494594548,1.0509766507118006,1.317353267030705,0.8604639986831942,K8P,38
0.20804986100426023,0.3629830486412475,0.4774437360972005,0.1774465138339996,0.5773502691896257,1.1547005383792515,0.5773502691896257,0.5773502691896257,K8R,3
0.8276171493465443,0.8748925020208433,0.9978311083147476,0.2998838347642176,1.3400519946520462,1.1968002452655453,1.1652336347526608,0.842183580318088,K8V,57
0.7835145573942215,0.9420208915815106,1.3610063092484213,0.2923534064869962,1.2765694770084508,1.3265024181165455,1.130233768637265,0.6811836617185655,K9A,54
1.0823225274031931,0.8658974926656477,1.0907911236617371,0.31195006745100134,0.8107483735229248,1.0992421631894098,1.2906650713994752,0.8586296628693791,K9H,49
1.028767922838715,1.1320160766844223,0.8869608695701358,0.41364440040627154,1.2588176965419369,1.4499081615660852,1.2419846106920474,1.0258681680809612,K9J,97
0.45766448384772196,0.38618718678841046,0.5824295491242162,0.31050883791375533,1.2153699778283713,0.9633818428657449,0.985184366143778,0.9074852129730301,K9K,18
0.4113176605183123,0.5679967453410132,0.57474695530389,0.3049082949502251,0.9870962335856491,1.1657505560686467,1.126601424298216,1.0500305245868344,K9L,13
0.7574926259676463,0.9181163097055798,1.019900080851722,0.3038726962212835,1.1862713934865516,1.1591006551669472,0.919046000224093,0.8365698837738577,K9V,52
0.2295032709940762,0.36872269896833515,0.32538024337125854,0.192804328842444,0.7089175569585666,0.9604352645732546,0.8086075400626399,0.5767948575466911,L0A,40
0.3735965875784952,0.37449920170942996,0.5432039125527912,0.2726855958191974,0.8993796160389378,0.85199254201097,1.0678337176857333,0.7732373292014567,L0B,59
0.21912666937003666,0.3985850636751499,0.6544603456882221,0.2367706356727599,0.7121306936069978,0.9312365038082192,1.0533877104130263,0.7269941534212875,L0C,34
0.37142522680229695,0.5421030072192591,0.7237461672535217,0.2599282652414422,0.9273305477808899,1.026852815826154,1.096570720007049,0.7538002414856741,L0E,53
0.3305917676139364,0.3875129802109912,0.9844272372814101,0.2880687733001694,0.9472374422127878,0.9090191359227177,1.1389726826969224,0.7936148696965731,L0G,96
0.5188568383466707,0.25726961955954913,0.4986498874077754,0.976938562960549,1.1657505560686467,0.7510676161988108,1.126601424298216,1.3008872711759818,L0H,13
0.30361530895292976,0.3239242329416252,0.4487029341234729,0.5258566445168951,0.6875516509523286,0.873862897505303,1.044465935734187,1.1361818036340359,L0J,11
0.3472575505289969,0.6463854757068557,0.9007469797749271,0.20649828957137073,0.8325078419634815,1.118078266446938,1.1125743939971915,0.4967219275080643,L0K,101
0.3480418619520251,0.5341939729161541,1.2015676620896103,0.3212175326412092,0.9402660127449862,1.109427314090232,1.2226824757148165,0.8732527553260437,L0L,102
0.5034659751767008,0.4905336701251059,0.8809121944474112,0.360603515228133,1.1193802071650056,1.1185923734905172,1.2354352768333097,0.8663222565134022,L0M,83
0.26714759292051904,0.4075501437228187,0.4087625579293407,0.22723774665030133,0.7698646777865489,0.9991083368712844,0.8941282014575489,0.778498944161523,L0N,34
0.23759866853220235,0.36846987144590576,0.4563132873032668,0.36735574972803003,0.6950761858843502,0.8930682225913253,0.9308043624379955,0.9986495604912494,L0P,39
0.3856319698190198,0.4179285689135652,1.2065871268323212,0.3769364817932071,0.9869861587334993,1.016024013011828,1.1224146174092244,0.9179350002252681,L0R,118
0.4245823220708205,0.5309520949379863,0.8449799073009289,0.29404048428217316,1.00062894886003,1.1677038890295843,1.007862024961233,0.7900809233724148,L0S,94
0.7565151404904598,0.6456921661811114,0.8682283162649838,0.2391376855667404,1.2357293502329008,1.1429375776070652,1.1337042318370718,0.6052820552158856,L1A,37
0.3468927448070998,0.4280673088435764,2.4418917494471732,0.32825199126226445,1.0930714500000422,1.0021621646864365,1.3322506426689293,0.9211323729436766,L1B,22
0.6395379332305942,0.6086111999749512,1.2104932920632965,0.34337535230999966,1.241110560714503,1.2384228782899835,1.426205265282313,0.923689621889344,L1C,74
0.3656562430695061,0.4458182895447833,1.5338447666053892,0.3538886128271335,0.9693011956898953,0.916111517744714,1.4616968256932834,0.890921494594548,L1E,38
0.9674686716209469,1.014763907515628,1.294554534450962,0.49832756135760453,0.9586025865388216,1.0946223998247973,1.4158688797641839,1.0802068537307319,L1G,75
0.8903011491522838,1.2035028008263249,0.8173672261081538,0.5857552257303534,1.147676072645137,1.3423258214112455,1.3075368854620193,1.1139151430262206,L1H,89
0.8512854446713463,1.2801340798725942,0.7801885005008108,0.432658957351057,1.1191239094610932,1.1302825869374027,1.2967035304563173,1.0294013990616742,L1J,84
0.46475909408235455,0.6878289549224477,0.6377248548512325,0.5611170549727246,0.9992153784590284,1.1805615147869586,1.2303355193588774,0.9849853188912882,L1K,51
0.449552595331401,0.45586403211267756,0.6230934576249664,0.8918592591345451,1.1690451944500122,1.2110601416389966,1.2110601416389966,0.8366600265340756,L1L,6
0.4808124924626603,0.2398871384652066,0.6399714405685961,0.40118177798996313,0.8243602928775248,0.625617974056345,1.02548179078217,0.71542152399075,L1M,31
0.9616476383536077,0.7818169079505517,0.8632227848932507,0.45616189636546384,1.4426968100347455,1.3458788057123203,1.3506741998529401,0.9734591822564166,L1N,88
0.7830661216705408,0.6000782717833265,0.8869419004941136,0.6506882751081816,1.06321906614239,1.1541298931561732,1.06321906614239,1.0576280419404613,L1P,23
0.4691238316361204,0.5142713912521396,0.6502205930737412,0.4560041748616781,1.019545822516343,1.0542906724690007,1.023532631438318,0.5602765160490757,L1R,57
0.7955375575854724,0.8637102525556465,0.9994835452642203,0.8159744788302402,1.3504889469144885,1.2348010518894679,1.4347821073549798,1.191675846948705,L1S,73
0.47004452890459986,0.5312088035854127,0.400674358922049,0.6023544826467296,0.7546270769833637,1.12445486088914,0.8259057168736375,0.5222880528277306,L1T,80
0.6312523239404755,0.5580813579819704,1.0362749056218727,0.5855750569978823,1.2164015854076378,1.1768468231717368,1.1633014328849387,0.7982877545538125,L1V,84
0.4581470885980945,0.46835048370750726,0.4281182554473772,0.32884353986969866,1.081642611455492,1.0327160611969717,0.8185051856379751,0.8304547985373997,L1W,29
0.164580377440185,0.530748561889128,0.3375344484392027,0.6720264727816241,0.5762035942360842,1.0659471779799345,0.7993052538854533,0.6372477195601849,L1X,28
0.4290620022751991,0.3527678455221989,0.8269627515655581,0.31664271578475284,1.0,0.9511897312113419,1.7320508075688772,0.9759000729485332,L1Y,7
0.30527402088421013,0.4172006586137869,0.28029280039814086,0.6526111360167071,0.5895922723535711,0.9660917830792959,0.30079260375911915,0.46291004988627577,L1Z,21
0.6255671485578177,0.7783179202910616,0.4952038567152973,0.3610217856340176,1.1530989102302514,1.0809009085913235,0.7120789644505048,0.8929608234732722,L2A,32
0.9122026218265742,1.1155365501211456,1.4944337434802129,0.5229222651178533,1.0692844222316344,1.3635215393323445,1.2852306082310074,1.1894311849698584,L2E,63
0.7154008822150846,0.9334383022521748,0.6303647490846445,0.4744568110937063,0.9888264649460884,1.0556884552168384,1.111616046884101,1.0626819511466867,L2G,55
0.6780639206119142,0.677728250286838,1.9040771857992,0.5356294128876663,1.0580309967188226,1.1810294913915325,1.4576615463133795,1.0289915108550531,L2H,34
0.7225612183775837,0.5089327459442106,0.8363301903933241,0.31931155657787613,1.0665674557036406,1.0046189622236181,0.8629652337776966,0.9172076325837248,L2J,28
0.8133645139181773,0.8851182596358669,0.899450163944027,0.46981121743311355,1.3175181385766888,1.3000427117419076,1.1087126707837451,1.0946724503999943,L2M,62
0.7344787589941211,0.6988639963805258,0.8576035507561606,0.3572427432257517,1.227594444511569,1.3531029122963447,0.9353676541860715,1.0449372136989983,L2N,54
0.7249388297782683,0.6957638906876981,0.6346063331948227,0.31700082033230403,1.0908712114635715,0.6244997998398398,1.0519822558706333,0.7637626158259733,L2P,25
1.1145090241019353,1.0827343480987572,0.8017995588044244,0.47138919843494353,1.3013534825770883,1.5112536081117196,1.2588984210179957,1.050717288388914,L2R,69
1.032059486661384,1.1231193870568383,0.9075609433942721,0.46381076308550234,1.4466312368685639,1.6350495701275216,1.4024028918138118,0.8798826901281197,L2S,32
0.7647085639377531,0.6739697144177358,0.7197095178218219,0.3797240300143668,1.097578408394179,1.302269723501448,0.9428090415820634,0.7647191129018726,L2T,19
0.7640369892741995,0.793100981578527,0.8042076959030359,0.4538866742729863,1.0595190631419948,1.4035285793735301,1.35201959647311,1.02548179078217,L2V,31
0.8686227153655343,1.077745174082728,0.9498161629969766,0.8528446693722882,2.0615528128088303,1.707825127659933,1.7320508075688772,1.2909944487358056,L2W,4
0.7880588233700908,1.236308171648251,0.575351949612366,0.3616953116891333,1.1799608859227886,1.3896889692429135,0.9276885579794873,0.9333250082878799,L3B,66
0.6939376354574146,0.6808385023870825,0.8303434099854129,0.3117230809094671,1.0058651529317202,1.1430952132988164,1.0817560161290403,0.886942313043338,L3C,51
0.6546747921142284,1.0059570066390688,0.8431164880057731,0.2508682607028415,1.0597750342044878,1.2956383286545203,0.6909974511367444,0.688821075805956,L3K,37
0.6892549398726727,0.5795507224737793,0.8220334899617353,0.2235400570726182,1.2327076503157992,1.2645909549735082,1.3101905167888375,0.7904627183124042,L3M,39
0.5810289162350839,0.3907246978175589,0.7119642403243818,0.755665472113559,1.0210399221002686,0.9202428195030086,1.1612357505986752,0.7600379317229224,L3P,75
0.6896631835418493,0.7593726949811433,0.9276486803424024,0.7723164229372976,1.156068783255124,1.32767543912854,1.009216784699164,0.457300511594122,L3R,82
0.26573156208586657,0.5110562907451051,0.33498765185343965,0.5162512573276151,0.5235208439728777,0.8555621146278813,0.8665112525765323,0.0,L3S,55
0.7949597405373197,0.4925454094992417,0.6458982775729286,0.8194691135375061,1.3658155625887625,1.0349468649015015,1.1066881042735004,0.7342134288385894,L3T,68
0.743275381086854,0.9514457989797245,1.0183056691462993,0.3107807569540146,1.009813395137416,1.3733068800649968,1.146299302042952,0.8864473609413919,L3V,88
0.5638448235002963,1.0381143232978938,0.40554491387348307,0.42378269198550395,1.1528366137768682,1.0564700810993488,0.5992827253861374,0.6290460434111185,L3X,31
0.7860767914067368,0.7560739709282543,0.7298980144764651,0.5260221279458563,1.3586123926193714,1.270952980022542,1.3857294967020424,0.9231036686293342,L3Y,86
0.63939317331606,0.5323522700261556,0.5725506052860603,0.4391751674369812,1.245496087589873,1.1242177485783114,1.235334133005345,0.998317913022793,L3Z,35
0.6340816892134151,0.36907531181551384,0.9889988813406003,0.58794171728121,1.1704609597722393,0.8289171213579427,1.3458494649257824,1.169331498002116,L4A,44
0.7849562266371555,0.3218247260372953,0.4644540024707132,0.48597647715426195,1.3287801043274863,0.8031922840253417,1.0308376509549224,0.26208179770229884,L4B,55
0.8640189505281916,0.6566832611646217,0.7743571482657405,0.7186180762366873,1.4056401783613124,1.298066968353601,1.2389025099392843,0.6225345071547642,L4C,128
0.4029625996036566,0.3264420286479508,0.5160159670127492,0.629025911878216,1.118033988749895,0.812727700887249,1.164157703189193,0.6069769786668839,L4E,20
0.7716047036375242,0.7308463751870893,0.8550779550818145,0.43806277204974003,1.400753217027468,1.255606984342451,1.3071546786110066,0.8335637162341085,L4G,63
0.25548539137838405,0.4271978748055593,0.5691173372266839,0.5648579687042435,0.30477572710378376,0.982429085768095,1.0724820310016763,0.835531691527718,L4H,53
0.6472869959271472,0.3557430765942453,0.8334961034308522,0.44876882687906267,1.1288355768003469,0.7992156808192354,1.257537412422633,0.5871256210091337,L4J,97
0.39988052579762884,0.48051403069863036,0.6643592851211758,0.44391219293092116,1.0997835284835873,0.9759000729485332,1.3732131246511903,0.4879500364742666,L4K,15
0.621775670625516,0.5790197694436117,0.8181980416471554,0.5161761016681,1.1419881235641611,1.1492325458021757,1.4204295196978305,0.8387633778878295,L4L,89
0.9470131284137343,0.8327003096519364,0.9423945896326159,0.4417501744125697,1.2193976763424257,1.3220146641687556,1.3302274055570535,0.9985137470111751,L4M,101
0.9067614155609499,0.7811146025880359,1.2194242731146472,0.40829209414425033,1.2759630339859431,1.2508343389114733,1.276365498383914,0.8683944296601733,L4N,177
0.39044764478923344,0.609012162165606,0.5781179055102855,0.3279395924663514,0.9589119850757687,0.9383431168171101,1.152409988019804,0.854685793071377,L4P,41
0.7208695947118592,0.992825467480247,1.1030912945687947,0.32047115148781136,1.1618711757395466,1.2482545953785713,0.9101373218525951,0.7846816933708893,L4R,43
0.6584950362587699,0.44325312800878724,0.6637437630318717,0.590011863647446,1.2287723234696089,0.928256472668725,1.0724726702618104,0.518434859512082,L4S,23
0.46252255326183794,0.554960429023468,0.4253907749442522,0.701057357945625,0.99123605458917,0.5569141388146238,0.9838731350376213,0.1270001270001905,L4T,62
0.20695175310642885,0.6407287796614605,0.15099066978376643,0.6918163338486546,0.0,0.0,0.0,0.0,L4V,2
0.6402147365994545,0.7698750318261841,1.3607490402508686,0.8727198991689645,1.3732131246511903,1.2955969390869324,1.3053613499595635,0.9258200997725514,L4W,36
0.7673146155331145,0.9524892875359747,0.8440871613753899,1.2365011338500276,1.3772215255487341,1.4142135623730951,1.5597983890531344,1.2328534123049195,L4X,24
0.8351472896979615,0.7870830444518585,1.0024238847291072,0.9497116020550149,1.3704191988175753,1.4385799230915017,1.3439112920783163,1.0511317942011305,L4Y,41
0.7737958529052441,0.7390308563822628,1.277398214775615,0.7742237110260275,1.4072824786197051,1.1998942870984162,1.5319017737431675,0.5420967826651423,L4Z,44
1.0378109276412102,0.7020903506526334,0.6572929751293587,1.131459268838665,1.4739110533215525,1.0537844743083833,1.3617896568670107,0.9412924946534638,L5A,59
1.0557179078564813,0.7318242425090277,0.7195135682945707,1.0599475733595491,1.5777098635987277,1.2387861780664788,1.323469805867903,0.559524606041502,L5B,54
0.5423197418385071,0.6525312545046206,0.4273209206582314,0.7436416144078769,1.1026976144825504,1.2333920863404886,0.9978237188567144,0.5406205059012895,L5C,46
0.7583137254126199,1.018128256277394,0.7187707736177814,0.5103302846319449,1.1791845447071423,1.3380867649282653,1.2611408289624877,1.023532631438318,L5E,21
1.3471730336140635,0.6440750619992416,0.5348710888651401,0.4425055719497781,1.5872994422979931,1.367248832279395,1.1068989227681203,0.8301741920760902,L5G,37
1.060110867952972,0.46757312384960953,0.43513720840680453,0.41144629265647636,1.5098244575026323,0.9548968305472835,0.8823234234995203,0.7017642896867651,L5H,31
0.6984715820197348,0.5983187020069193,0.8973399728328653,0.5473318390492927,1.2583057392117916,1.231323053704849,1.2364916354855986,0.7665409539050118,L5J,49
0.7819283833313764,1.0125714757034157,0.7296371692074121,1.1808416524488023,1.337600010905274,1.4142135623730951,1.3301243435223524,1.0377490433255416,L5K,27
0.6582560516142791,0.745318638734044,0.7717405375138164,0.7002313444536892,1.2708713041199768,1.2789909324866313,1.0806025464314053,0.7505691422294689,L5L,70
0.7519508230175862,0.5825694825588623,0.5567789975227129,0.8168257671537554,1.3168029011409967,1.0332163843451994,1.2074138313865581,0.47159660040816104,L5M,114
0.6077377221778225,0.4083191587185542,0.4474488577678687,0.6903748842277625,1.1290186762117336,0.9248987327175302,0.931408271125701,0.7263310088749386,L5N,117
0.7384006197403731,0.5541057207384468,0.5105506624394346,0.4983326483955411,1.3664222021584307,0.8716019289105664,1.2208959548001612,0.0,L5R,43
1.138646147119311,1.9468874823826827,0.1955584166057079,1.0308001406476497,2.1213203435596424,2.1213203435596424,0.7071067811865476,0.0,L5S,2
0.8062179275858915,1.0755531556079403,0.184992728371073,0.9047258343187696,1.6431676725154982,1.3038404810405297,0.5477225575051661,0.0,L5T,5
0.5820564759046344,0.5762714975223128,0.42901245177963626,0.6564171796328409,1.0400433360418546,0.9819292798689648,0.9608011412347448,0.16663312875171465,L5V,71
0.19900957904037653,0.31277025159119676,0.2522806488294352,0.6249667798824072,0.19245008972987526,0.7916947813271392,0.44657608470472243,0.2668802563418119,L5W,27
0.44826670905147065,0.39660483999956275,0.7200822931092102,0.6351786317915635,0.943502028843273,0.9443329422837863,1.2652210533047141,0.8,L6A,51
0.46455200987960077,0.2444282971401134,0.3833709294130323,0.7808190075625889,1.164964745021435,0.5175491695067657,1.0350983390135313,0.7071067811865476,L6B,8
0.5723970364706022,0.8133456161901963,0.34998754540725346,0.5181009142965347,0.9432007525306944,1.0650392061507867,0.9165054661613024,0.3199900264403199,L6C,48
0.5289704507394988,0.19836063655047492,2.7183151285465597,0.8536172348925004,1.020262550775348,0.5972647203701474,1.1496249070460265,0.9334586382051248,L6E,19
0.12032980062392135,0.10941245163874248,0.026819721581763285,0.5663051312109495,0.0,0.7071067811865476,0.0,0.0,L6G,2
0.789866732653452,0.56323672518588,0.6295712765805469,0.6465035340670638,1.2857944499619998,1.075197795248596,1.0996523128858544,0.7378508183488827,L6H,99
0.8266094178512459,0.5260511702456272,0.8210186492529791,0.5730417160763798,1.2624284099290852,0.8789476774005623,1.281849154503743,0.7654295218641469,L6J,51
1.0270776445770886,0.9175068933137346,0.9142505450225582,0.9497291019035721,1.082636342118332,1.3805061033726997,1.458980187804412,1.1293194051465598,L6K,24
0.8251826060314447,0.4233766640567742,1.3218983063187877,0.5402952988630728,1.3916590731373149,0.9397296352885831,1.2184174419311027,0.8262013650752302,L6L,46
0.5935843779083942,0.5030290018320326,0.6065934523577406,0.630748499449483,1.0498634576353576,0.9447514657262785,0.9080458599113888,0.5824391920834733,L6M,71
0.522611976516283,0.42346325422423137,0.5699542042343002,0.5927374084548925,0.723240570679579,0.8227533512074423,1.0497252387758793,0.2667467828369185,L6P,40
0.3149900673020194,0.3306239068695806,0.3320228212616769,0.48330185480361454,0.4032487350958187,0.638228235628135,0.8249988935108097,0.0,L6R,79
0.4360854178738518,0.6622761870682577,0.5395914563224548,0.7180081560835299,1.0089109150801676,1.0580380165402585,1.1413929112175956,0.6666666666666667,L6S,81
0.8388526755765534,0.9093803727302604,0.7028344331136768,0.902373531673437,1.2688298065596444,0.81622509411027,1.3193526781576266,0.6010481388776002,L6T,48
0.7812416259305952,0.5637182035495685,0.653751490313838,0.6934041640632321,1.0978563027730275,0.6871065307617041,1.1439640930351993,0.6566962768281849,L6V,65
0.8895280629482074,0.9966123066746619,0.6804991570854056,0.9517527774560403,1.4255728899344744,1.5098244575026325,1.3083684331980987,1.1177935254739124,L6W,31
0.7488251148397023,0.608478140311184,0.5497822572112009,0.8068490766512681,1.2671360632611248,1.0205248887280025,1.078673618947285,0.709867849016486,L6X,72
0.7460785643687685,0.7083753062160749,0.7891748305128498,1.0793215506044742,1.2484911528441676,1.088961149828765,1.160186082502176,0.7000784885353142,L6Y,91
0.31053456240918137,0.5905622514349291,0.4423187474920663,0.8391419283176166,0.8380673614673837,1.2032503678833628,1.009049958219026,0.7214836938827658,L6Z,55
0.27610461254428637,0.36517083885255497,0.33301953267904055,0.7018304480540913,0.4745789978762495,0.8750804338835177,0.5412697783665489,0.4253244654389175,L7A,75
0.32975768890492446,0.2865113353043971,0.6204230895142799,0.3417559988658446,0.8535639569308374,0.5895922723535711,1.0712698295103096,0.749603069567329,L7B,21
0.26581271621696817,0.41616415417206953,0.4707562708331684,0.5756899949151325,0.8337120351630757,1.0748502362203909,1.1188806636071336,1.0,L7C,33
0.42767965584364553,0.4712488363082165,0.5666161241255715,0.32047029853810016,0.9057622817115696,0.9982514412221835,1.080931864973729,0.7394730592191789,L7E,54
0.697606133817898,0.483174704769315,0.7508826623655438,0.37988035357152267,1.3259221772989411,1.0542259743827653,1.3404609069413307,1.0323869356060869,L7G,80
0.533610658483143,0.5254033879899742,0.5374211678051937,0.23409844557918272,1.19433528860584,1.0288929437289247,1.1788363637137231,0.7497125886079554,L7J,30
0.27108863669708333,0.3321350012141325,0.32688022591864635,0.25514131391612427,0.8574929257125442,0.7071067811865476,0.8574929257125442,0.8947924869885988,L7K,18
0.8380600042882724,0.49100392042244556,1.145628985570153,0.568852769350073,1.417211562483329,1.0291808638512465,1.5067137536386024,1.105323088709714,L7L,70
0.7534931093989985,0.4360051381956353,0.702101699742293,0.6624094784571759,1.232070156326151,0.8334506959609603,1.316130216978479,1.0905770823087033,L7M,72
1.0138234450217927,0.6013616065908626,1.1370315697816473,0.32774825412883235,1.508991808147505,1.1925090867905042,1.3933981633253438,1.0107645728086347,L7N,22
0.4884790053027248,0.534046889721029,0.7624886766667327,0.32874917515534,1.1104425724759102,1.0936705574443115,1.377404482267073,0.818412792389554,L7P,57
1.0655384612598813,0.6163868995568471,0.9707601000368837,0.4609891795354701,1.1254628677422756,1.3263256707710351,1.4472814708666655,1.0503455652553653,L7R,31
1.173201321597771,0.5581998910658232,1.6945812017244752,0.543742561371885,1.3529262199858298,1.1160708020048367,1.504379571363837,1.0787690624311024,L7S,19
0.6870836768492277,0.5861829644327335,1.0420744226747298,0.5476402354643287,0.9237212077056678,1.082636342118332,1.2150922908825974,1.1000658741803746,L7T,24
0.5432292796453795,0.428895044858802,0.8812858215583529,0.3802514830031607,1.1411948043149114,0.8487648033065013,1.2312011357964503,0.9989423582445273,L8B,44
0.7568300243351243,1.1924826186937576,0.9485652702005515,0.8055701430115891,1.2961265736950365,1.3650575995813155,1.5038966391769557,1.0279123375000934,L8E,54
0.9928938730415854,0.690281393872935,0.9674044941647454,0.3593849055125738,1.4642467630297065,1.152687109579183,0.9182622582426504,0.979463931697301,L8G,42
0.5681632724288763,1.0196807578683598,0.7059324604895331,0.5199273277869123,0.6168236218493748,0.685098729644326,1.068999973227756,1.0499318560539548,L8H,55
0.3221769697067718,0.5144624187495892,0.6532344559730635,0.4957799828805166,0.87735277919413,1.136114563994762,1.332843047112185,1.0289915108550531,L8J,35
0.8578894503282297,1.046289969603192,1.1146161868874984,0.5546007700256038,0.9861697033526416,0.9837962469551741,1.36863931797248,1.1464885530775326,L8K,59
0.7161117899087462,1.1214177887058738,0.5080466308658355,0.873631305188567,0.5966783380713855,0.3490989967704947,1.1748539016153647,0.9920458303815731,L8L,72
0.8974448444611349,1.2705369693286228,0.8824215581065431,0.9137313085615728,0.5990482942625401,0.641413604011804,1.115008180796555,1.083593177430614,L8M,37
1.5856229512691813,1.3779117265362284,0.5497519133687838,0.9134388400814849,1.7370340336454417,1.7859776908060014,1.1454504518261157,1.2875563748588705,L8N,48
1.457670675767245,1.4129121669630618,0.9679502207456367,0.6457872107645323,0.8066232240898012,1.4641003188271435,1.3182642044827406,1.2362059408549726,L8P,40
1.0529107592110765,1.2246858854325668,0.6733169663319865,1.073573831611685,0.4524139283588641,0.696692268479466,1.3289401308354825,1.1572300058975777,L8R,19
1.0586677510709035,0.7086815149129762,0.4956365981968672,0.9923347510369818,1.1887150534341144,1.3593476696403028,1.082636342118332,1.1220775245117838,L8S,24
0.8943960195168801,0.8951469794492035,1.0870159389546787,0.5518149918560079,1.2605961145833207,1.141018438467616,1.2747548783981961,1.129726538274662,L8T,40
1.0455164191004271,0.7466710568072206,1.2736111153577292,0.534104640383133,1.1960348344576621,1.004712244205882,1.2106143252640011,1.1172793251547948,L8V,39
0.37134455902766716,0.8599723065844768,0.6459066626898092,0.5358941886399251,1.0022123920847732,1.2021575288840025,1.276762239482484,0.7500461410686708,L8W,43
0.827519613282698,0.7851381134367637,0.5667283338690361,0.719827890842715,1.129865365732064,0.92804033600282,1.1090776309570767,1.1967375865509655,L9A,48
0.5534792144768232,0.8028610926317724,3.1943129268479153,0.7238696936414383,1.153325075665456,1.4172967786353565,1.5021149111666545,1.2733532783279633,L9B,36
0.6562164693355024,0.8804035763185194,0.890692547026384,0.6145479195089959,1.1667505000060963,1.2608682454540467,1.2754452412315793,1.011282208777697,L9C,72
0.3896793064031802,0.5069686181224252,0.6936181645830315,1.042989225990674,0.990430401872025,1.162919151265879,1.2344267996967353,1.424279266355945,L9E,15
0.6214159150096616,0.4920475330400214,0.9660835415880872,0.5600021816859129,1.1178717078884914,0.8420205155583741,1.4539371501460254,1.1444952494034704,L9G,53
0.9040622677439026,0.5054203236745768,0.9265227718136982,0.37436963028894055,1.3438741676959634,1.0091216704262207,1.1399643401348003,0.9443022690158163,L9H,74
0.3350341340542784,0.9679602270579208,1.0281532538452987,0.7045384512600408,1.0488088481701516,1.0327955589886444,1.834847859269718,1.1690451944500122,L9J,6
1.0442200666007124,0.32150895594295925,0.9142971676574366,0.49696445194185607,1.2976222599091636,0.747545001596402,1.6583123951777,0.781213234429025,L9K,17
0.602923855328663,0.4674330884160258,0.9124197889018745,0.22911028706914283,1.1677484162422844,1.0234004518508308,1.0801234497346435,0.7398300378117159,L9L,33
0.6128916861007223,0.837146813715483,0.9082219498559557,0.25524396493624757,1.0,1.1887411043223048,0.9198662110077999,0.7472647177570733,L9M,27
0.2911266869747774,0.4340451041717903,0.42312037389656626,0.4520400494301224,0.9743076322798876,0.9890707100936805,1.0901402648748688,1.0901402648748688,L9N,24
0.4101509648487705,0.36108110461082504,0.715276742233279,0.25558599012449584,0.9375455171023194,0.8381652631810514,1.235334133005345,0.7647705208621943,L9P,35
0.6381780922110183,0.6501118128545403,1.8017420213074733,0.3562162601953806,1.2392588442818975,1.1818464932482724,1.420402710377984,0.9565457422857624,L9R,39
0.4103837771051828,0.4725118767378601,1.8839986574064587,0.4183784046361597,1.0700218729122495,0.9666422105001247,1.2434224104382798,1.0305613701224456,L9S,48
0.7302075986980292,0.3769617978534374,0.8606937064649696,0.9703220790655315,1.1839657204747016,0.8727459014405256,1.2144413959010283,1.4079967868938963,L9T,122
0.6987711855791352,0.7067970990692014,1.2307572946113172,0.5274991646783995,1.2673044646258476,1.3371158468430429,1.5075567228888183,1.0730867399773196,L9V,12
0.776967777741271,0.742584522365121,0.7139866688397952,0.3216633102383062,1.3385483598703902,1.2877804076698707,1.2189199176999963,0.8594991208481476,L9W,75
0.20789228926865838,0.23610946338247843,0.317095074742851,0.3034578807768635,0.6069769786668839,0.4775669329409193,0.787326514818136,0.9048278567177283,L9X,19
0.6894398597853668,0.939268046118342,0.9782338942086678,0.29455331181895944,1.1901640585473618,1.5157733044091415,1.2915402084087724,0.8173592294313284,L9Y,44
0.5999678847972796,0.5045483454301539,1.0159871577369464,0.20998575460884308,1.0801234497346435,0.9073771725877466,0.33166247903553997,0.6271629240742259,L9Z,25
0.6618256594270898,0.8637108998807049,0.7638189749490298,0.48916738225517936,1.2307026647861814,0.82888047522864,1.20685736613502,0.1498867562775945,M1B,88
0.2685723317580178,0.45846250252671544,0.5631307319032697,0.6639118062666277,0.7252642155445856,0.9712404475789929,1.1196663943334413,0.9278470016362361,M1C,59
0.8112830167774369,1.2854164219339697,0.8140735854256905,0.8521643292396526,1.1973528494783174,1.2025613689761725,1.301441508482037,0.900053417218197,M1E,65
0.8432373996226247,1.1456974120354528,0.7820202034618281,0.815566010641953,1.2828194308386975,0.7283227595523492,1.1358450442567283,0.3735436838188142,M1G,43
0.7063849673491531,0.9135159041795734,0.5792627679376543,0.9987633989546872,1.1046006529490844,0.7385489458759964,1.2064148209229704,0.43056154520204615,M1H,34
0.7760440827939405,1.4997260092317275,0.6853495286645743,0.9276171747277027,1.2393132920684082,0.8022404524765275,1.2503845562312175,0.4266746794119403,M1J,40
0.7548686993785741,1.067472818732791,0.48123664327144877,0.6987925868276514,1.1344096464248,0.6624181566108,1.0322663273069617,0.3876509048663705,M1K,61
0.8430903349418102,0.9028024769486993,0.6913708328933187,1.0144386445984686,1.1191477535840204,1.0115610777177464,1.0170201625701416,0.4890834875635335,M1L,43
0.9947985263841409,1.2034668987230785,0.6746697816732103,0.7774560460913672,1.255429176898355,1.3663815636654695,1.1591064395751498,0.8180920105315723,M1M,38
0.776837759249147,0.8389948512787613,0.8655863447792003,0.5578673408423988,0.9145291883606758,1.1900258888619257,1.1205157542647741,0.8893306982833162,M1N,45
1.0129398810415498,0.9124793439723484,1.2238400962784186,0.7772811033773075,1.1371800735123765,0.9901547283464153,1.139092909302495,0.39499774943783905,M1P,53
0.7781945755544918,0.6626806510639875,0.604895611011071,0.9348063188316982,1.0642978977161217,0.8041652501960813,1.1797371693892722,0.576042565881542,M1R,52
0.6847579833158195,0.4701381147970598,1.4022626859329985,0.5278476497044747,1.1802211487990695,0.6500500236695921,1.0990013615735295,0.2234037956221125,M1S,58
0.9114677235642857,0.8084492700260144,0.8519330131926478,0.6431559647967742,1.1281521496355325,1.0405903530344123,1.1041702401314388,0.38664576746028073,M1T,45
0.5204485548437698,0.6023359170756615,1.2339718103917112,0.7430906982588031,1.071395036363181,0.7071067811865476,0.9960799535506247,0.4794281282981245,M1V,72
0.7062715033371598,0.9692687305420927,1.5327529415891334,0.7851637387143814,1.2903339245438152,1.1190819523284612,1.2890118607493881,0.42961550247389746,M1W,69
0.3409239567528566,0.2132994278550902,0.2742139810506515,0.27061406106402136,0.5163977794943222,0.2581988897471611,0.7432233529572065,0.0,M1X,15
0.6413817552528729,0.8708855046643595,1.272465287487177,0.580626958417829,0.8976815403791096,1.1854979567276382,1.0424830845187962,0.22629428592141426,M2H,38
0.901735295536076,0.6987813062329782,1.0825219313457681,1.1550070775903973,1.2270724348285502,1.2249240717541534,1.562285981830939,0.5071914784238563,M2J,68
1.248300018597568,0.444669296867295,0.7664732941267649,0.7184749204035086,1.411168965596383,0.9989241524588297,1.229564132930547,0.40160966445124946,M2K,31
0.656745229497163,0.5241994388055518,0.5508942578463834,0.6964347040848669,1.1769797726729994,1.1329385612423049,0.9847319278346619,0.5032362797401965,M2L,22
0.8568920806800229,0.4433888443331254,0.9293794952881889,0.9386342485222662,1.1010552642966933,0.9673298043349072,1.0667026811296005,0.37662178857735473,M2M,48
1.1847631252699096,0.8920593807859817,0.6694532259312816,1.0407110330160771,1.1853263240261682,1.0086198798504367,1.1787667780919997,0.5223115878100104,M2N,82
0.9118007473326087,0.3859385852558239,0.4292913984509938,0.41033755842639075,1.377474463442389,0.9607689228305228,0.8006407690254357,0.5188745216627708,M2P,13
1.0131908744872462,0.6859136621607316,1.0399768958649778,1.3301767680557077,1.1256139670069347,1.164599723942438,1.4860462083439174,0.7359800721939872,M2R,49
1.0274962417231772,0.974864615515467,0.6522087564804627,0.9907705819124748,1.493123305789067,1.498071532462228,1.3625763266945654,0.6888835838110844,M3A,47
0.7764944254686782,0.42136376937746267,0.42961403662093156,0.5774179556763384,1.2698638165386524,0.9408939288152439,0.9454836825347087,0.657951694959769,M3B,22
0.8807755051360642,1.7966206225931134,1.0983616723610852,1.3236968738467645,0.9344079834686199,1.433845869853041,1.558190293015366,0.8500474370064828,M3C,31
0.9753894768704376,0.51080179065327,0.6777691869062162,0.7887261410584977,1.4058559586355126,1.119162746219357,1.2852438880818893,0.6904836542364177,M3H,55
0.9519356617699241,1.0853746965252788,0.8101813544340696,0.8516677032623853,1.3738249371674665,1.0869740590474166,1.5240370978523625,0.5054326709601878,M3J,35
0.915633886292884,0.6257687547037054,0.755892976194234,0.8584591694361695,1.2880570286640687,1.1146408580454255,1.4433756729740645,0.6513389472789296,M3K,12
0.7414614608485234,1.1037084958945784,1.1247554913833746,0.768748984739693,1.141287094417552,0.4815434123430768,1.4738050920238275,0.5036101551853349,M3L,24
0.9013213339379373,0.9023921257254284,0.8801747639011622,1.0356069985909315,1.2340014593617668,0.7951667654786408,1.6189225997768635,0.8263099002245489,M3M,38
0.7704863410899427,1.5317821175290507,0.8261996994934822,0.9093092730597688,1.3394889955616542,0.3499084129252931,1.5256356388614232,0.2667467828369185,M3N,40
1.0721328143148274,1.1293708927973796,0.9602342789065023,1.06474910243447,1.145931016569864,1.268027892769755,1.4179302929937965,0.6882472016116853,M4A,20
0.952622654227875,1.161919463004308,0.43933302044419825,0.9562957068256651,1.4005856673692658,1.4267845968170128,1.1001442906807544,0.8758971213537393,M4B,28
0.787112447362357,0.9250643910935745,0.6448045734353454,0.9932770110309043,0.7563830938191206,1.1709627859816238,1.1022267671191106,0.9180351090990265,M4C,65
0.980429545721702,0.7318939237921792,0.5477889012355575,0.4629485487494478,1.1245769476496212,1.1450698402682327,1.0486504537196266,0.7811454802730744,M4E,43
0.8950082760618082,0.33928337063923825,0.6936952324815291,0.3457973342033951,1.575710285308123,0.672021505032247,1.157026221578126,0.6652370423996586,M4G,32
0.7709581569655086,1.4723143225470148,0.6839316751542902,1.6926646125753535,0.9660917830792959,1.837873166945363,1.35400640077266,0.699205898780101,M4H,10
0.8378028091828396,0.7703914766705455,0.930737313299263,0.48554080653878273,0.8865742980788389,1.0596432526297814,1.0678606371274955,0.779845182173044,M4J,66
1.0601854727737932,0.6953741399038916,0.6087650836191578,0.49260293115359444,0.9029173496282704,1.3288751223907727,1.1946852000726917,0.9166568279676643,M4K,56
0.6836551513685802,0.9501257981822059,0.4962384866126118,0.46297499002654524,0.739347425358752,1.3728129459672882,1.0143205380185072,0.7077863649870195,M4L,65
0.604741461399787,0.9089418696348913,0.6226596095300592,0.5574558397852086,0.636300281927085,1.3690837242120875,1.1597939261866792,0.7901836773196717,M4M,41
1.0879290859636706,0.3445237856494877,1.0237465088874516,0.4824340576394865,1.6349673634571096,0.672021505032247,1.5026857675938214,0.7093841036079205,M4N,31
1.4688088002195236,0.4417172463116264,0.7935528212298025,0.6624437713439906,1.1582480138288438,0.9703290480751678,1.3728129459672882,0.6972473349922867,M4P,26
1.3401993900703544,0.30557579776633526,0.3835099525775377,0.4411443377217244,1.6528841894672626,0.7047921864945659,0.8401680504168059,0.6859943405700354,M4R,18
1.4221958885233232,0.3908866574777785,0.5168567230254862,0.582058118133319,1.364685162005453,0.6752140242135257,1.1648988141945325,0.8032193289024988,M4S,31
1.4693948737607663,0.7594064372155668,0.8344552961359485,0.5426605196749549,1.5781242633190171,0.9783367810436532,1.4589624493356326,0.9206622874969125,M4T,21
0.9098132504626317,0.29256234300321715,0.8852038798606455,0.42747983771376563,0.6793662204867574,0.32025630761017426,1.4391751357027647,0.7337993857053428,M4V,27
1.3644448616658953,0.4352458117538261,1.1367142866845419,0.5893575834310718,1.307725096316589,0.701964118163034,1.4218787326754636,1.062366786192884,M4W,24
1.111558071769885,1.109498498224442,0.7817232442644335,1.2553951783877488,0.3929526239966879,1.519481335657587,1.4677914581799016,1.5387160422974504,M4X,17
0.9927330626973981,0.8583289049403423,0.9538791207592376,1.0727642633352295,0.7020469181064869,1.3654770701969006,1.136417111041267,1.1138409721454614,M4Y,34
0.9531150552128304,1.923443145712874,0.6008248957389865,1.0198744967117899,0.24963741822833801,1.5286317332325043,1.1813772360736614,0.9650911698816723,M5A,46
0.5014462295790256,1.3278308572144886,1.100468309886249,0.6573918097747362,0.0,1.6016739609309327,1.262842524557225,0.9633818428657448,M5B,18
0.5846498982618271,0.5882908383114828,0.8929554383468817,0.6897688889345531,0.0,0.5773502691896257,1.8929694486000912,1.2583057392117916,M5C,4
0.6298647087921816,2.1235683176363453,0.6134529559784029,0.7437687680248614,0.0,1.378954368902449,1.1146408580454257,0.8348471099367218,M5E,12
0.5005716880001781,0.9625131105029582,0.2405833559119776,0.33533910155885926,0.0,1.4719601443879744,0.5163977794943222,0.0,M5G,6
0.49028371205584376,0.020770771672355384,0.3799851255126271,0.11094486729197908,0.0,0.0,0.0,0.0,M5H,2
1.3629281610911723,0.5448800841772594,0.8940164864206538,0.6317978136235913,0.8516306272526402,0.7262730392025629,1.780541959721722,0.9972489631508746,M5J,14
0.9970463438786169,0.4068071866078549,0.6852277970534049,0.5711799129080868,1.5319017737431675,0.8611291078465236,1.0987211478243843,0.709345647309754,M5M,44
1.3260475500737479,0.5197622608210655,0.644495400579463,0.8137147974850166,1.6557111192308964,1.1251710324287365,0.9975339050005346,0.7310832774866962,M5N,29
1.2393079690369297,0.3401090555033612,1.1845521910643793,0.4862596421516203,1.3707631438868844,0.5826626797035552,1.3233519955785311,0.9787661586289704,M5P,35
0.9320070001718704,0.5069810649660355,0.9014741627455177,0.3777202006865238,0.2820566728469694,0.8815090920523468,1.5382871885836507,0.8262573464667012,M5R,47
1.1818517485061046,0.6333691349877155,1.045333598916259,0.875776605747482,0.7516216235148274,1.2167659925061518,1.5597757636597747,0.9725674505593151,M5S,22
0.8653811673532334,1.542880938871286,0.996649255760332,0.733138516912373,0.24973103811470743,1.4142135623730951,1.3865715434701846,0.5584155773160767,M5T,31
0.581192424272826,1.2228604896502269,0.38519407689780016,0.5902946190763142,0.0,1.4106735979665885,0.5773502691896257,0.812403840463596,M5V,25
0.27534459506107944,1.16802653680078,0.567353630271957,0.2527526615613376,0.0,2.081665999466133,1.1547005383792515,0.5773502691896257,M5W,3
0.9787345976792033,1.7443131674546823,0.9610273923318825,1.2007841704366014,1.2964074471043288,0.9056313086609201,1.5135244637999772,0.8471405189362208,M6A,35
1.0078461838487816,0.878466747675959,0.9258478520394552,0.9240463120039246,1.4024327064887145,1.2542536975660945,1.432624609938524,0.807207352795575,M6B,52
1.028576484438945,0.7090564775092977,0.5560342455945281,0.6322305417008541,1.1251027672112754,1.360885173943643,1.1668428337747552,0.76526052991575,M6C,44
0.7629198123076975,0.5636145327921087,0.7095278619123898,0.850415634316851,0.8737210711800153,0.7581644757450238,1.0902179313982256,0.6743311446887028,M6E,79
0.6415065836726582,0.577362384744608,0.9479545267986635,0.329337615998032,0.6515175871844522,1.0519043759678137,1.2088595972476104,0.5638903707551803,M6G,63
0.7089449726739587,0.8477765651476892,0.44520282698316255,0.566203420628124,0.521689371417214,1.0929920907133992,1.0061607975675646,0.7172739348588969,M6H,90
0.7138019706166798,0.7359048639343694,0.47338887702573956,0.47636902130712067,0.3527378107513292,1.3516408264428525,0.8705219697078205,0.7997055269607123,M6J,63
0.9286066775970464,1.2906191222017755,0.8443327927762879,0.7739385901411153,0.4104650395579806,1.501058307847223,0.9980319411701642,0.8436446154303278,M6K,58
0.6941502733724212,1.2367667064067969,1.0200975523456082,1.2009669379729693,1.2339289465610612,0.9458454714772274,1.475972433230348,0.9694250596289323,M6L,31
0.8568356970476576,0.9935939289244279,0.5420454254254334,0.8374688954916023,1.1783567329819669,0.8310898763152281,1.167408039228206,0.7660843595203073,M6M,61
0.7928955151566313,0.9089119824295767,0.7447065752972455,0.5959238357439453,0.9936478486050979,0.6312386508153076,1.1221224316874097,0.7360952881112314,M6N,67
0.8380667790525389,0.6164520311681452,0.6224477926794113,0.4999719927593609,0.7246662976417857,1.257182753053935,1.00997846371848,0.8086747196864058,M6P,60
0.8994869990464576,0.6624393496599827,0.7812943949382918,0.37885301405119465,0.5942035143723492,1.1942564834237943,0.8781778199154231,0.7454858341510324,M6R,42
0.8888228798325214,1.6849888832340014,0.5047976884191377,0.7016299471495169,1.2300660182643957,1.1938400191364533,1.0468003637042638,0.8237230078211566,M6S,53
0.8214306069282415,0.98256310371031,0.8851592627506677,1.0575007885131664,0.0,1.4703975535606828,1.5610194134588469,0.7738543627276671,M7A,30
0.9554986958970887,1.076798926002394,1.0339990491317728,0.727535696774383,0.6249735723799539,1.336390962025209,1.186606011546578,0.9296047035501591,M8V,44
0.8532483482290363,0.5515692936793614,0.4634400522816656,0.4099579389611196,1.0557982058859339,1.085420495394233,1.0127393670836666,0.9423317907078576,M8W,39
1.0124928517669072,0.3828705230202818,1.3809236137096703,0.3858840524005534,1.7128407776006982,0.8488746876271654,1.1663164740528442,0.9275204136012635,M8X,17
1.3030099070808492,0.9949494716516379,0.9619277742061734,0.609333138811983,1.4532129771610378,1.6726773336078873,1.4532129771610378,0.9087389347953037,M8Y,31
1.078858460311959,0.6807522501718526,0.929402181248459,0.4281850379656532,1.2126183858715383,1.0907131485472215,1.3491467838359825,0.7394579295380166,M8Z,29
1.1846268988322746,0.6521431799022589,0.7457530032293388,0.7556524360088839,1.6255163588844954,1.3240262097889886,1.3599231298710825,0.9598818679623904,M9A,43
0.8287492924243642,1.036246986855184,0.5105662010807807,0.8103892336853543,1.2493830117359983,1.11038115031913,1.177621523593293,0.8901981971385244,M9B,53
0.9362612165202246,0.7237143021988109,0.691289113562961,0.7444805368984944,1.517878388494904,1.3650189874716734,1.2138559748518833,0.9327681904820411,M9C,60
0.5374234106426049,0.6855044932349964,0.6907711751883148,0.8735463878506844,1.0675210253672476,0.693888666488711,1.3534802665383903,0.5648790304908823,M9L,27
0.4568715623768001,0.6487109908059864,0.6704547510524175,0.9149477331412391,0.9643054793328016,0.6789105539243627,1.3113124074319809,0.6686751354593717,M9M,30
1.0640285579865314,1.4865887262665154,0.5408768710941614,1.0695504857027966,1.2555757994781893,0.9230930832457442,1.21958802797633,0.8934871726729446,M9N,35
0.8037716365554057,1.1454566839615408,1.4294232074361772,0.8443652162625264,1.268993627874548,1.473521078171633,1.3829836145670416,1.0742546199601597,M9P,30
0.872322171897037,1.008493302300215,1.088103028827902,1.1210058729385062,1.2399087617134326,1.2862913567871994,1.3551249523064788,0.9676588429625579,M9R,45
0.5880086074628049,1.1032130466605228,0.6013463159521851,0.9490191272181054,1.1953096940066035,0.5521226667759597,1.248427323656199,0.2954501965375928,M9V,67
0.7506491934326472,1.108743661981717,0.5512623442296302,0.8746595259950893,1.2794552159874586,0.7782350014707153,1.1973369697829594,0.6402241838994506,M9W,60
0.5293321663986806,0.5593925522801269,0.7848473691345674,0.2664264115278359,1.173214626360547,0.990255193484062,1.1802070274665617,0.6121024500397755,N0A,83
0.6037021930923869,0.7786435820373637,0.8351143973040517,0.34058896474971256,0.9843241382880895,1.29073000906717,1.229352427231365,0.9090769444535595,N0B,217
0.43438252891780715,0.5936767190755051,0.6729943839941603,0.2179335082620753,0.9546760827811337,1.1206310514564426,1.3097301760277897,0.6287677132370127,N0C,43
0.5188504542917594,0.755245213848411,0.7834720665027838,0.35284320502714955,1.048110108020526,1.2312327423903515,1.0824101448211403,0.8663425711284484,N0E,105
0.6175344347429553,0.6650389373809745,0.6861473366505949,0.3019804017436437,1.1697125689857755,1.1695797150391847,1.2786851606960952,0.8258739316374208,N0G,197
0.46173970346159576,0.6197723154969673,0.9306220434256754,0.2655935404207056,1.033498336661065,1.1677175841939025,0.9580301572383918,0.5888401084057766,N0H,101
0.4108754251357828,0.9121091468462829,0.5328008840562286,0.38054880850992634,0.7648523048033226,1.3635682911667548,1.108865679590667,1.0090019345196808,N0J,103
0.643638918353965,0.7516592029462018,0.6022142589289065,0.31843623662061454,1.1231822922119372,1.3614745879424461,1.2306308197230453,0.8506133807689151,N0K,66
0.3449676485808995,0.6404215839323002,0.5758978744538283,0.2808568365998957,0.8798936830965565,1.2333144237241844,1.1437529954245929,0.6871600290669025,N0L,116
0.4340295865257686,0.6837352972462089,0.9779873603560563,0.24073967227336227,1.0475898390981129,1.205763301036296,1.275640614043063,0.5848170537753103,N0M,159
0.4528332470859532,0.5529457366807844,0.6156414099484495,0.2623776215490408,1.0621700090875887,1.1960455804546206,0.9552886017200837,0.738112962093706,N0N,91
0.4830352461888559,0.7599057791254301,0.6888623207477454,0.34846799013536545,1.0987687389337515,1.2516518153791272,1.038707354694406,0.8135843561942196,N0P,171
0.414152797896448,0.4889822886986337,0.5695279381275116,0.31515793192554126,0.9863516102133596,1.0886154072576701,1.1059209214134802,0.8023643852553213,N0R,94
0.6269962265410376,0.9024122662621653,0.693083776817892,0.21587936791407433,1.2443420336765103,0.970845158910856,1.128801819801464,0.6927039119836262,N1A,32
0.9423736070565332,0.25571395888500614,0.47752759491297647,0.4252399774676493,1.6020819787597222,0.408248290463863,0.816496580927726,0.8366600265340756,N1C,6
0.7016335754922738,0.6884994970038101,0.7796921518829975,0.4236332755594445,1.182120458508402,1.3632829694475859,1.5108456837359197,1.1196291975140542,N1E,62
0.9358332054496596,0.7580816428598305,2.9567361927787164,0.685416015948629,1.3520407480535352,1.2020962777552004,1.4135865556642118,1.0883001254803601,N1G,48
1.080645285607708,0.8237631585186206,1.0342315098022434,0.6692771832883414,1.5244287984396083,1.2801350336848663,1.2588176965419369,1.2092143369621353,N1H,97
0.6392178459791473,0.6507855054244843,0.623731256557439,0.7210241768379058,1.4317821063276353,1.1742858972247996,1.2258187382102494,1.234376040972246,N1K,20
0.5124107782282015,0.36456214575062285,0.6241903291670868,0.4332153850754499,1.1599949289950011,0.9314757424772421,1.251469724199605,0.8089572082044157,N1L,17
0.7056616992069977,0.4995789510620779,1.247423121672299,0.2760372947468082,1.3233519955785311,1.1471557812932913,1.424279266355945,0.7959983953364173,N1M,35
0.4879223033126801,0.6152967155109904,0.5082617532946813,0.3140246067705765,1.1338934190276817,1.3451854182690985,0.7867957924694432,0.7559289460184544,N1P,7
0.8640007992120321,0.8794516422269416,0.7366247841853443,0.5325376860157166,1.3424121548074353,1.2850469857921856,1.3108876767424418,1.0725253185851658,N1R,70
0.9121811019554257,0.8577965844591073,0.6934209630698248,0.3163354344772857,1.3803271461153803,1.5056710977319896,1.3171364716112317,0.8461141122266492,N1S,33
0.41873376269353435,0.3992055481473601,0.4368023180593028,0.4324821151789023,0.9116846116771036,0.9128709291752769,0.857864054457777,0.6837634587578277,N1T,22
0.7860543429787997,1.105447640706656,0.8994142088447741,0.6646857190799792,1.3704191988175753,1.5730194671085411,1.4176586675081473,1.1444457599908244,N2A,41
0.8839295564372064,0.7092361818505292,0.7350962349768448,0.4080170432416694,1.3083684331980987,1.1081322074767577,1.2606535256873543,0.9727469142278401,N2B,31
0.7221078351953025,0.9260284867521058,0.6189982760033417,0.740724973512705,0.8207826816681233,1.050062654772261,1.3337718577107003,1.1470786693528088,N2C,20
0.7878541710128081,0.8362361101446085,0.7380433563043515,0.6074343363018408,1.2777531299998799,1.2163847404233143,1.4713592216667124,1.014989695333235,N2E,50
0.8389935332076817,0.6060122952702279,0.9477518877640376,0.6802532476468839,0.19245008972987526,0.9666814027759789,1.4772732253500644,1.3722940221362487,N2G,27
0.9570381044201997,0.5351090657412021,0.8230084134576293,0.5402588793984069,0.8006703944077338,1.0483236254524535,1.3492725967129542,1.1597632856820013,N2H,47
1.24740103561783,0.6812219311965775,0.8635864770597775,0.6879402162001962,1.6658755184400342,1.3441650423281173,1.3174191513481892,1.2225517446560623,N2J,60
0.7494857475931476,0.47001211594782405,0.6177718436891323,0.4482679716217995,1.3836236534601505,1.0310494959326943,1.1176981923798792,0.861244298524955,N2K,37
1.3087571265140752,0.913991282355162,0.6332790960153911,1.0680135375591635,1.1399964196148573,1.622419458080796,1.306811042974774,1.2162169516453007,N2L,50
0.8627696814857787,0.965452354846804,0.6863143493777074,0.9458824478775841,1.005279469529359,1.2454393510940138,1.3821960134950897,1.3991614462137967,N2M,58
0.4190320238403838,0.58415115222217,0.6949968059267035,0.534613841945717,1.0555973258234952,1.207817672255115,1.2853407487262414,0.9102589898327995,N2N,35
0.9476891743613179,0.6469683035943392,0.6316619812468779,0.46962045801865265,1.3219754338182867,1.1892374507581378,1.1608699529314417,0.8106434833777776,N2P,21
0.3624236394794061,0.2594551528640791,0.4579518919362954,0.6069123335595346,1.0,0.4472135954999579,0.5477225575051661,0.8944271909999159,N2R,5
0.43708355092136103,0.6095021489213232,0.6621412609991628,0.6567557375675591,1.0404516723710344,1.0790207200446682,1.2955969390869324,0.9098229375970787,N2T,36
0.5221434027479369,0.29529786107966693,0.6208187225136235,0.7017702903845214,1.1791845447071423,0.5895922723535711,1.4108423691100969,1.0281745265969475,N2V,21
0.5960263843193631,0.6005051080200606,0.855625241626103,0.3310126336097471,1.0292174393923799,1.1140496934013262,1.3469332756346388,0.8387832331734847,N2Z,23
0.47335477881190097,0.4294124670317802,1.401917264226274,0.28798951072283197,0.9798540504146319,0.9397823594805785,1.2311253046174933,0.873803618402192,N3A,27
0.928795540728751,0.9756874784958257,0.5812672069430768,0.34461209164477213,1.4267845968170128,1.4525110532413719,1.168366109179552,0.7901510136288027,N3B,28
0.6283526728669666,0.603870127684083,0.8225912441845639,0.4604937690800344,1.2454796313850829,1.232684953717677,1.2649110640673518,1.0151294522759395,N3C,41
0.23745816256809846,0.3974523105667349,0.16044919525396067,0.44016734428387255,0.7071067811865476,0.7071067811865476,0.7071067811865476,0.7071067811865476,N3E,2
0.7881429930684791,0.7303251043988851,0.854416106656119,0.4312677627881983,1.2394648503368233,1.1563419045786134,1.38396630419682,1.0891943072637764,N3H,38
0.49185635504643876,0.4006481358896171,0.9612821601161939,0.20927389049404418,1.0634397883922542,1.0461677382581627,1.0891440757832571,0.7008766440504625,N3L,39
0.7573952877297163,0.985994808881619,0.6375531295804616,0.3702869686774783,1.2535663410560174,1.1872336794093272,1.0600988273786194,0.7988086367179803,N3P,15
0.8163444723573623,0.8729098082912934,0.801290550056295,0.3818262622058908,1.3758771655505968,1.4121982146527288,1.2925663805396093,0.9779208116836714,N3R,80
0.8110517614981028,1.1648090927005241,0.5769076590376864,0.4063127521357006,0.9705661246797977,1.1159224968016033,1.2079401876149936,0.9420675479230539,N3S,54
1.1045225740867644,1.2256317242758945,0.8833080493060529,0.46463720877414044,1.4982228745270783,1.5747907478148453,1.1994244143885024,1.1110542753295394,N3T,69
0.05441536401437247,0.677825496212825,0.5582097981076072,0.25052147335414626,0.5773502691896257,1.7320508075688772,1.0,0.5773502691896257,N3V,3
0.5349233871537861,0.43378525676515733,0.47217389503455104,0.24078681389609594,1.1872722453655626,1.0374401434695166,1.1140133037920332,0.6385078759829887,N3W,40
0.7193254598277316,0.8672335330019207,0.8058621130604545,0.2459428275424043,1.2157643654927974,1.2179257260710108,0.9113223768657671,0.6531853345253869,N3Y,59
0.4143373798597053,0.5786967840406344,0.5449670116256252,0.1847621607653683,0.9454343731037886,1.1038394532093598,0.8494342008292706,0.5817744738827396,N4B,26
0.8534334957952173,0.6921866298890973,1.2760453953013253,0.3674284016056479,1.5522935884089015,1.025007817356056,1.399404635312222,0.8911962574151494,N4G,40
0.8674757554981004,0.9362004186239065,0.8943192169217133,0.2667384028769216,1.300766917088372,1.368707591260966,1.0507260955672153,0.6815392162610112,N4K,67
0.6732124105211236,0.7664919597455102,0.857825052282787,0.2404073002307438,1.050062654772261,1.3803127029389886,0.8255779474818965,0.6708203932499369,N4L,20
0.6426888296992009,0.8699766672252351,0.5799445351794639,0.23325828574046098,1.1539158284426272,1.5316704909195133,0.5089773777040515,0.5882299658752715,N4N,24
0.8334212980253392,0.771140881955863,0.9347446267466749,0.3181015748700985,1.2701563488840983,1.3430222370020026,1.1996531987940318,0.8622963252329077,N4S,67
0.7111434908706322,0.7126748963647316,0.882751454250294,0.22598625247957013,1.2516655570345725,1.398411797560202,1.4181364924121764,0.6324555320336759,N4T,10
0.2097790954746276,0.6579502133981522,0.6422931461823753,0.3712733294317474,0.5163977794943222,1.4719601443879744,1.2649110640673518,1.1690451944500122,N4V,6
0.9422837372246265,0.7875917174547228,0.8022515925891913,0.37554519208129383,1.5166623059417512,1.2322818340454909,1.445664930039838,1.0886621079036347,N4W,28
0.519212455444032,0.32008319482073166,0.807473950685916,0.2545702466731899,1.2301331282538135,0.8758971213537393,1.3588822048142535,0.6929348671835832,N4X,28
0.5597296267435407,0.3697408094667675,0.40331230118159944,0.179405319698144,0.9574271077563381,0.5,0.9574271077563381,0.5,N4Z,4
0.7198337589100786,0.5114783281828605,0.94704672400074,0.2654424734464748,1.0109939878839118,1.0606601717798212,1.2640368331841674,0.7846312882516229,N5A,49
0.5601002709680486,0.7092842318189675,0.49318458637570406,0.21894517587637288,1.18418699983352,1.3817363722139078,1.106407669457548,0.5560534167675355,N5C,30
0.6428037577454639,0.8738308208754145,0.5798438666951787,0.3773830213098923,1.1631599960755994,1.1099246700156022,1.3271565611543825,0.9056313086609201,N5H,35
0.45771861232298466,0.3534366117299212,0.7547240602678736,0.11168881324950304,1.092906420717,1.0540925533894598,1.0,0.0,N5L,9
0.8759515325475348,1.1293431710266406,0.4999873826077939,0.27675000629278507,1.3445377083760293,1.501837821098768,1.2058702719031174,0.8207528908152862,N5P,42
0.7465439866837439,0.9455179505443331,0.9147755036591843,0.3162190751690835,1.195118037280932,1.3811202199590187,1.2451571311369065,0.8206403041455855,N5R,47
0.7680343252712438,1.0835573971320638,0.5925241411204701,0.5520340425666624,1.3461166647761145,1.2597986870248652,1.282717197406078,1.1247389003608625,N5V,57
0.901561007474319,0.9423023117174532,0.7209879249383521,0.4522643806037879,1.0050851100436085,1.07411614371821,1.3748440196732765,1.0642128638612876,N5W,51
1.0332549012176566,0.5771850480112356,0.9139504642940026,0.6741593241710327,1.356106334416259,1.067250856286329,1.4646234844558215,1.1990850170228884,N5X,41
1.0111919829162694,1.1644148580485907,0.601060966966857,0.8219870470144558,1.2150747028785176,1.4021847959726514,1.2833570994256034,1.1740540463757416,N5Y,58
0.6770907522457192,1.109469394347875,0.42094483842110786,0.5923004024789722,1.0075210779014976,1.0852190324685869,1.0406935059309612,1.1106077063265483,N5Z,42
1.3758919524045865,1.2280372323761326,0.8541332668282506,0.47480398135153484,0.7778444682625973,1.5355725945969831,1.4939654524483637,0.9941002434954168,N6A,35
0.6329399726140227,1.3983413019031778,0.577028050357625,0.25256412969927083,0.0,1.6271505915615332,1.2705454396776663,0.7003400534570263,N6B,21
1.0993422853484394,0.6287595997936184,0.6940065196286684,0.4593747320853617,1.1811178275024221,1.2880623658026877,1.3001000473391842,1.0236170639096052,N6C,58
0.8179758602254474,0.9410925224538869,0.5709056925211631,0.8669073897518347,1.1863938865495227,1.1358450442567283,1.1831223588697772,1.0895659371235766,N6E,43
1.082164635472685,1.0403581365859187,0.8901994876826659,0.9241851568711,1.2444360932288263,1.4754891442515135,1.3355690013359336,0.976130210924365,N6G,53
1.4693783591122889,0.9760654360496556,1.1214432148729927,0.8917485315733304,1.4691449582123592,1.4547529871606502,1.5232467093997786,1.3221575269264183,N6H,59
1.0177759115083829,0.7218645995521925,0.84659243383392,0.5626558757047557,1.3344506573462231,1.1171027678304901,1.3092568737711916,1.099995795131144,N6J,47
1.0103800406782368,0.7653590597461142,1.1610167442502861,0.7267839888649109,1.5781585521057178,1.4048847990854263,1.3541662504161864,1.1082629440916778,N6K,56
0.32522440606785896,0.20057068877143344,0.07616085486393394,0.5686195786864072,0.5773502691896257,0.5773502691896257,0.5773502691896257,1.5275252316519468,N6L,3
0.41053354785569096,0.34359046763893925,0.7571637113728722,0.6073845155181203,0.9962049198956219,0.8528028654224418,1.381698559415515,1.3706888336846839,N6M,12
0.5279965264592457,0.8999866355150167,0.39006013897132125,0.3653868927209894,0.5773502691896257,1.5275252316519468,0.5773502691896257,1.1547005383792515,N6N,3
0.4436776088914755,0.3859668747540265,0.35099526319920293,0.34889513617831197,1.0127393670836666,0.5063696835418333,0.9870962335856491,0.9607689228305228,N6P,13
0.6125158768760545,0.5757509321983582,1.17309775314949,0.2570294773706358,1.2357562850575,1.2357562850575,1.224744871391589,0.5413902920037097,N7A,29
0.6691620889691701,0.6976415306412557,0.8105742306237697,0.2586958820814485,1.3805322612941633,1.213617821661442,1.1868605114983617,0.7661151658840619,N7G,43
0.9815836000301904,1.105126264834026,1.9581292475953715,0.34981194802247306,1.3323048766968644,1.4491877510802342,1.2149289072357918,0.8914201581765376,N7L,53
0.8341861624075294,1.2544026998851545,1.543371623201405,0.4043762738782894,1.3048072385699587,1.4629938062729393,1.1203363373433577,0.8869794000653853,N7M,96
0.7758363887640934,1.0654512903434146,0.6772021101983927,0.3328252626134035,1.28855630784633,1.4751612213350842,1.0595477853471085,0.9813067629253164,N7S,54
1.033826805434929,1.303837202140097,1.3375640527032537,0.41460141826743735,0.9816105755511695,1.5458162965239013,1.1571443517761548,0.9363953001762079,N7T,60
0.7776748249130924,0.6727516658279888,0.957111507033363,0.21969760362818322,0.9626352718795768,1.0614455552060438,0.9073771725877466,0.7,N7V,25
0.10228303358864822,0.36680721807796096,2.8016654976134228,0.4779806588874873,0.0,0.5,0.5,1.0,N7W,4
0.18201465239519374,0.09961204524250732,0.5702169415626842,0.27814874364502323,0.5773502691896257,0.0,0.5773502691896257,0.5773502691896257,N7X,3
0.6781801962779943,1.085741773484678,0.7626064094917249,0.42621702358346414,1.1069112544610453,1.3397572522473968,0.9603240193925289,0.8090398349558905,N8A,45
0.7101352510857835,0.8369102167504385,0.8371382674334269,0.457478604974913,1.3417041656144661,1.0,1.1015604269170438,0.9574271077563381,N8H,49
0.5865036829564622,0.5704554269778133,0.6633954979189631,0.30443812318924424,1.2021130386015109,1.2665570127975554,1.4068285846778443,0.8325754129097365,N8M,33
0.7241731333322439,0.7171711349054705,0.7655330055015915,0.4843618012808419,1.4153223148463252,1.354151206548249,1.2741779356764524,1.1550401062555462,N8N,51
0.7934701161137365,0.2791534344743418,1.6289212710017926,0.4407888272452034,1.4832396974191326,0.7071067811865476,1.5165750888103102,1.140175425099138,N8P,5
0.5874715277873865,0.5353890634135922,0.6072805149394305,0.5032493381052868,1.0821255338433111,1.0771133460194244,1.1358007263790995,0.8477114595277798,N8R,22
1.0207663667187516,0.6807504602572599,1.0095658975991102,0.35945466481289473,1.0140710433552769,1.1960348344576621,0.9719410299611789,0.9508856586164727,N8S,39
0.9578080757625538,1.5002809105587793,1.1690579600256343,1.1810616439740222,1.312636992094872,1.02469507659596,1.327068615826292,1.3809934312453689,N8T,36
0,0,0,0,0,0,0,0,N8V,1
0.5001270323952023,0.7157899248017651,0.47602303710253413,0.623185947855908,0.9747031617210493,1.0407959666612454,1.0877333024598888,1.2661537173237267,N8W,47
0.8978248527666768,0.6686650399732649,0.4961324791346509,0.6491207262619958,1.0199234787174107,0.6334189073552525,1.0476454436543674,1.0482273073169188,N8X,41
0.8554206435249659,0.9647308237288705,1.1477898605125452,0.6777202617741008,0.5328903502931349,0.914459913718425,1.3537919386820185,1.2542610301318131,N8Y,42
1.2863473856387049,1.523991168037042,1.127069226663812,1.142531269707634,1.2378417718966557,1.2001501407575472,1.3254270092150517,1.034190286915106,N9A,75
1.3938332665423383,0.979607454636685,1.1035144964898451,1.1055096655913033,1.4670438786673983,0.6444552588389371,1.2181424250644648,0.9019468191174738,N9B,32
1.324501745116128,1.521623782993542,0.5315998485783923,1.4583188374927332,1.0063019815944514,0.8200084103858011,1.224275530553741,1.1846722229638327,N9C,30
0.40326302035963696,0.45263873478005234,0.53629123900646,0.7858056227213984,1.005988077470112,0.9586025865388216,1.0576476817062563,1.242394278618323,N9E,37
0.8767429311334453,0.4042198151397729,1.0644090759621305,0.884322495796887,1.1635489477654792,0.9583639905910167,1.6119744223968129,1.0961470984947512,N9G,26
0.7230098177413914,0.398354278159895,1.1066260155840915,0.4192266835122181,1.278274981412284,0.985184366143778,1.3394467690277294,0.9983646759294876,N9H,18
0.43567196756054116,0.32318374152360707,0.7203678877536847,0.38230921679478197,1.0584521035998622,0.8533252562006326,1.4810147313855813,1.0499978779369101,N9J,34
0.23304611278990417,0.13198398468827927,0.6354381055108511,0.37908203128919166,0.5773502691896257,0.5773502691896257,1.5275252316519468,0.5773502691896257,N9K,3
0.7182051089127015,0.7211023549633354,0.8820470568795078,0.29282828918239046,1.1663292359534148,1.315330554247324,1.260315064608161,0.8328608647145149,N9V,39
0.543133282605287,0.5654041760962836,0.5106224553589478,0.26333163778289403,1.114524670954054,1.1547005383792515,1.0183501544346312,0.7121253450920751,N9Y,27
0.30483853476411404,0.8737299608901788,0.7110178419544495,0.2424547278451753,0.6768959693410093,0.9687330231549801,0.6043781419307536,0.3952387949002385,P0A,42
0.4480779020321353,0.41985918146474216,0.7394849079756893,0.24552896951331052,1.0397504898200727,0.9560022259626383,0.92384255369158,0.43659095764327827,P0B,38
0.21037994857626624,0.6650569334005949,0.6101275046638395,0.18269117910427665,0.6157279262148819,1.1578684470436789,0.36313651960128146,0.0,P0C,14
0.24787927399522222,0.389089019041506,0.7598962732632273,0.2138860903925409,0.5789342235218394,0.646206172658864,0.825420305855557,0.2672612419124244,P0E,14
0.2482475160180576,0.5934206765492254,0.8825016568872064,0.2348298091068509,0.6030226891555273,1.2880570286640687,0.5773502691896257,0.0,P0G,12
0.3565656767066855,0.8046797187493877,0.7738014268053024,0.19850263143967956,0.8895440215319275,1.2288131880720004,1.005279469529359,0.4705481994285824,P0H,58
0.5930734433902753,0.6991328946126071,0.6246230146029775,0.22831845866342312,1.171138113985536,1.0018481863952788,0.9042418243786352,0.48823364593527946,P0J,44
0.4063917431479679,0.563554768970867,0.5052528929870544,0.2545290721974224,0.8406346808612327,0.971253485622231,0.6506407098647712,0.33166247903553997,P0K,25
0.6988793105386788,0.6036598309050599,0.8971219501271306,0.30392827841707964,1.0234004518508308,1.0150384378451045,1.286585803708027,0.5018903659106632,P0L,33
0.5089943946691944,0.6705304040438972,0.6371785968637348,0.31669550748760844,1.0137221323484775,1.1680572458783822,1.1119219512586367,0.7631716180492871,P0M,104
0.605919085558444,0.5608556535367026,0.6617708314800992,0.23734373138316242,1.0900971004051374,0.9945740239808645,1.3419634126405238,0.5679003631895497,P0N,22
0.31962770924255424,0.785754237551079,0.6875492080333448,0.21007857337984454,0.7310832774866962,1.046928418422431,0.6037648712076858,0.30993404669460345,P0P,29
0.4459964488180877,0.7482903355564511,0.6377915417029485,0.3020363598242659,1.016782254883588,1.1482428046635165,0.4296689244236597,0.3258125936084211,P0R,26
0.42064026535103055,0.6245731178482236,0.5901406842014195,0.3457148745542674,0.9847319278346619,1.1358007263790995,0.8111773283374345,0.39477101697586137,P0S,22
0.37352880385540493,0.7911725302638447,0.5961137991158647,0.29505210932313947,0.976130210924365,1.2282948639716835,0.9816901393786461,0.5153662020409331,P0T,53
0.32607569620767585,0.8835041585670937,0.7807319237870955,0.2918022257658726,0.8338972450995479,1.2409673645990857,1.3541957590563316,0.5144077999169381,P0V,26
0.4385151493171355,0.6147387160268056,0.7923828901207854,0.41713059462002117,1.05090228108783,1.1578684470436789,1.1411388181101378,0.36313651960128146,P0W,14
0.33586620574893383,0.5757662382916462,0.6917925840750413,0.22707819105643898,0.8333333333333334,1.2692955176439846,0.7071067811865476,0.33333333333333337,P0X,9
0,0,0,0,0,0,0,0,P0Y,1
0.9439801519980205,1.0032970986903524,1.191011206947682,0.4616914602205404,1.1188806636071336,1.301950750825759,1.4381174563233068,1.1035411321301214,P1A,33
0.9532193466863313,1.015710819907626,0.9388101823950514,0.3440765859096591,1.131339726812768,1.317689921515861,1.2577615061130551,0.910618115409899,P1B,72
0.20399310638972412,0.4046649867329941,0.45678833805982766,0.3565096787462711,0.6666666666666666,0.8660254037844386,1.224744871391589,1.0540925533894598,P1C,9
0.5133155554835649,0.6682070933590174,0.7087115706121963,0.21626950030678918,1.1094312910952706,1.1411130695216645,0.8082683234603762,0.4932702180563817,P1H,34
0.5907220615399272,0.5452805166451503,0.6697868907498714,0.21750147130522302,1.2225480178356916,1.016001016001524,0.9481164122526282,0.47519096331149147,P1L,31
0.5961261822237176,0.8957181885750263,1.003841523565636,0.343095855061607,0.9891721480417544,1.1293292767765366,0.646886032050112,0.7575263387144725,P1P,26
0.697568428346931,0.7541603575884713,0.7101808150233084,0.25861832737241475,1.2075297424153717,1.203443335628631,0.7377906040127227,0.6037648712076858,P2A,29
0.7883221902561293,0.8595184356952185,1.3672611903030782,0.2506287608583369,1.2649110640673518,0.7745966692414834,0.5163977794943222,0.7187952884282609,P2B,16
0.7304328910202126,0.8104078401576168,0.37882423210330846,0.16645107156428476,0.6761234037828132,1.0600988273786194,0.7037315505489968,0.2581988897471611,P2N,15
0.7636927395888864,1.0644490456917817,0.9066818893416805,0.4399644974625792,1.0259265336880865,1.2358287613066494,1.3532601861109825,1.079187872729519,P3A,45
1.3127509487116964,1.194825591944307,1.0575905793675564,0.4866182857439886,1.1766968108291043,1.285465539180904,1.241495284449579,1.0377490433255416,P3B,27
0.8342858132439639,1.4336021938617438,0.810489155276433,0.44057779891803733,0.3407771005482389,0.6607262215055085,1.2137208408731772,1.1158679538021425,P3C,31
1.1694886666348168,0.8531879293473469,0.8677444655365945,0.3197365361339164,1.2705355824521527,1.4197817598034161,1.2781031386250405,0.896124521697129,P3E,59
0.23111339651157004,0.5531319616108493,0.22617811325869877,0.19751561567915224,0.7071067811865476,1.1259916264596033,0.7071067811865476,0.5175491695067657,P3G,8
0.45130248210529317,0.5628759916193127,0.4222686860416851,0.24881829356768007,0.8644378215075664,1.1766968108291043,0.9492622930986467,0.8017837257372732,P3L,14
0.33120541084820004,0.462105026969702,0.3512602838717959,0.17799921481012637,0.9972489631508746,1.0082080720186268,0.892582375303981,0.6333236937766509,P3N,14
0.2775931140498505,0.47746015459847213,0.2950594550736044,0.21011980961125953,0.938083151964686,1.0414486951431572,0.7524319545007682,0.5987165760704629,P3P,26
0.5574124451203315,0.4947743342653502,0.5959597802984128,0.2543856674222713,1.4181364924121764,1.2649110640673518,1.286683937707919,0.699205898780101,P3Y,10
0.7480095488808898,0.8253923317683078,0.7881396094363982,0.23483002747053114,1.1812550141782694,1.1812550141782694,1.3344293740719158,0.6941394484790769,P4N,57
0.4005753547555406,0.5769299148047919,0.8604809444291986,0.16099984614029453,1.0,1.2583057392117916,1.8929694486000912,0.5,P4P,4
0.5066037813770041,0.30982200036499186,0.43226125862669496,0.19161671926810242,1.118033988749895,0.8819171036881968,1.0540925533894598,0.6666666666666666,P4R,9
0.6169745065448851,0.4083384946563493,0.9463606129926782,0.24363150982884987,0.802365782965103,0.3834824944236852,0.0,0.5745131499601416,P5A,18
0.4212107287909549,0.44045612945788065,0.38343379970350044,0.22590498298372796,0.8548504142651103,0.8548504142651103,0.6602252917735247,0.6504436355879909,P5E,13
0.787238932719734,0.7878418280186874,0.589305455559191,0.24812744779794046,0.998683343734455,1.0052493799000692,0.8506963092234007,0.4442616583193193,P5N,20
1.0795398108280265,1.2776661268677731,1.0199159598277046,0.3112475571366647,1.360321536822932,1.550622578110752,1.0138284377870956,0.871398555792913,P6A,80
0.9635925038187343,1.0957908814199915,1.0511941808044512,0.38649313700056953,1.14776996237261,1.472562296241506,0.7706955502698025,1.0105823052798226,P6B,48
0.5691936008382458,0.9398290404721458,0.6223364419035469,0.308166561314734,1.101603674372558,1.2648692785243687,0.9710394160736784,0.7499119046217669,P6C,44
0.8079041809164268,0.8439715039311638,0.7598442272526585,0.34577255938714446,1.1038356710137802,1.1842857723507836,1.0972602697183962,0.7854396366911796,P7A,67
1.0817966841991797,1.3528844375818498,0.7720015538435396,0.519878341254384,1.3147593553781722,1.5001209433583904,1.202319963499691,1.1611765216230692,P7B,53
0.8537551626015609,1.4695344093603242,0.7942559462825457,0.31737830718961774,1.2064640713902572,1.5875420797800806,1.1682184297112026,0.8421275105121271,P7C,46
0.9383819826443526,0.8947422114450432,0.972950404792096,0.2700341421557881,0.8954813188742857,1.00108794229818,1.177621523593293,0.7426465833425498,P7E,53
0.37303577518852477,0.39465196430755145,0.51718994058199,0.29449143657670573,0.9759965009980692,0.9197009309398037,1.0706283478819985,0.8481554037632527,P7G,23
0.45117578491308713,0.8626854195531511,0.3501984034409386,0.20218429122846618,0.9341987329938275,1.2135597524338357,0.9045340337332909,0.5393598899705937,P7J,11
0.29560484028621564,0.3356543496864517,0.43472355376879596,0.18573686248855853,0.802365782965103,0.7519039015221181,0.8498365855987975,0.5113099925649136,P7K,18
0.0791082396866928,0.416402833077609,0.29803442456136026,0.1686993723651755,0.0,0.816496580927726,0.5,0.5,P7L,4
0.7368812897738354,0.5978459506835324,0.47760045826385006,0.244688802417385,1.1872336794093274,1.245945806357946,1.0600988273786194,0.7367883976130073,P8N,15
0.542227537386711,0.6023200941234622,0.4959728318897002,0.2832385396591308,0.8660254037844386,1.0,0.7264831572567789,0.8333333333333334,P8T,9
0.6290741030219376,0.6525931433451269,0.6112550675886884,0.2985744451100138,1.2031704150364766,1.2090925365350502,1.2031704150364766,0.7464200272921789,P9A,21
0.650378373448424,0.716139647307066,0.877810651292959,0.2827850674599597,1.0855849223602518,1.282638409811035,1.3464409477605959,0.5408078385892441,P9N,31
0,0,0,0,0,0,0,0,M5X,1
0,0,0,0,0,0,0,0,M5L,1
0,0,0,0,0,0,0,0,M5K,1
0,0,0,0,0,0,0,0,M7Y,1
0,0,0,0,0,0,0,0,M7R,1
