Pop2016,Instability_DA16,Deprivation_DA16,Dependency_DA16,Ethniccon_DA16,Instability_q_DA16,Deprivation_q_DA16,Dependency_q_DA16,Ethniccon_q_DA16,PCODE3
565,-0.26430794426923077,-0.0508073978846154,0.3147417364423077,-0.9580321908269233,3,3,4,1,K0B
518,-0.38030709786614186,-0.13319637033070858,0.2951868472283464,-0.9199565339291337,3,3,4,1,K0C
664,-0.5639771464123222,-0.670086800369668,-0.26230921802369667,-0.7530715152559244,2,2,3,2,K0A
522,-0.3885775275470085,-0.08607510095726494,0.483296101854701,-0.9362574678376062,3,3,4,1,K0E
586,-0.4355148547788462,-0.4064274707692309,0.3859725532884616,-0.9307542494038461,2,2,4,1,K0G
496,-0.4544855405333334,-0.6438351585000002,0.07151697413333334,-0.4912406848333334,2,2,3,2,K1E
715,-0.34958698430000024,-0.6569085468666667,-0.015444384983333335,-0.15816962208333338,2,2,3,3,K1C
547,-0.10771330703125001,-0.09370365856250003,-0.013174505093749917,-0.013289113625000022,3,3,3,3,K1B
598,0.15183202458139536,-0.11444002209302333,0.3565348054186046,0.29416330686046516,3,3,4,4,K1J
613,0.9863511923999999,1.1498109278,-0.08014888258000001,0.45800467185999993,4,4,3,4,K1K
570,1.9970978174666667,0.8656925452333335,-0.0059480234333333755,-0.013764600733333335,5,4,3,3,K1L
505,0.6588407704615383,-1.0816718053076924,0.3150900517692307,-0.4123212596153847,4,1,3,3,K1M
688,1.2711573241612901,-0.24486821835483868,0.1169890622903226,-0.24592471164516122,4,3,3,3,K1A
559,2.1384554407111116,0.2253942660444444,-0.21160804173333328,0.3068159996222223,5,3,2,4,K1N
575,0.6547270077,-0.8756462029799998,-0.4079745838799999,-0.26708205946,4,2,2,3,K1S
567,2.3692045350999993,-0.3104133466333333,-0.5425103896666668,-0.014245186599999985,5,2,2,3,K1R
759,2.206666283,-1.1086093518,-0.26374883120000003,-0.2849704286,5,1,2,3,K1P
554,1.0089446694722222,-0.7442555089444444,-0.37569889775000004,-0.41029882952777774,4,2,2,3,K1Y
715,0.6843041452307692,0.39144602717948707,-0.4690139993846154,0.11904332943589743,4,3,2,3,K1Z
698,0.21616916757575758,-0.6129099301212121,0.10732300530303032,-0.3266805906969697,3,2,3,3,K2A
1018,0.5767588003404255,-0.08485778514893617,-0.15076115851063834,0.2450058684255319,4,3,3,3,K2C
596,-0.3224718443012048,-0.44770562789156604,-0.3365249436385542,0.28213001897590356,3,2,3,4,K2G
621,0.2926913076969697,-0.21948389060606072,0.3106161156969698,0.31103678009090907,3,3,4,3,K2E
676,0.14522359101204818,0.006663494963855479,-0.19152129987951816,0.4962153746385542,3,3,3,4,K1V
841,0.04896442858333333,-0.27455992702083326,0.24500903908333335,-0.14906453679166667,3,3,3,3,K2H
777,0.9619355412380951,0.5585207996666666,0.1559141908333333,0.38309542852380957,4,4,3,3,K2B
903,-0.6617935888860758,-0.7599772973037976,-0.7108147708481016,0.09983849148101263,2,2,2,4,K2J
1413,-0.20386679243243253,0.055239285405405444,-0.6328557270000001,0.8095874588918919,3,3,2,4,K1T
590,0.09405314686666669,-0.4345099989,0.39147455640000006,-0.09036434403333332,3,2,4,3,K1H
728,0.29594461689795926,0.08690368071428574,0.01395414973469385,0.32148213493877553,3,3,3,4,K1G
973,-0.6114144598181818,-0.9096679050909091,-0.658334940909091,0.029249020090909093,2,1,2,3,K1W
1442,-0.249887902,-1.1226959879999998,-0.461309294,0.05949025800000002,3,1,2,3,K1X
599,-0.4167072533939393,-0.26847383870707076,0.5454292980404043,-0.9269787109090912,3,3,4,1,K0H
593,-0.38750653006140356,-0.12739532359649128,0.5585855871052632,-0.8819492939780705,3,3,4,1,K0K
617,-0.3439327350506331,0.046326786012658265,0.8736461409810131,-0.9298012919620252,3,3,4,1,K0L
588,-0.37277948820289863,0.10806613342028985,0.7454294832173916,-1.012234108057971,3,3,4,1,K0J
710,-0.3091936903012049,-0.02014101336144578,1.0838658228433733,-0.986167982240964,3,3,4,1,K0M
856,-0.47936525280952386,-0.7710844400476189,-0.2044393072619048,0.13202525654761907,2,2,3,4,K2K
578,-0.4110602850909091,-0.5488128857272728,-0.20017098769696967,-0.27356208275757576,2,2,3,3,K2L
937,-0.67729306465625,-0.83730768378125,-0.46766290090625007,0.018501635125,2,2,2,3,K2M
683,2.8369483749166666,-0.793107591833333,-0.4484139428333334,-0.29953169175,5,2,2,3,K2P
693,-0.445882928,-1.03210429,-0.15506596849999998,-0.250608381,2,1,3,3,K2R
946,-0.7403764755945946,-1.0248731848918922,-0.36141197610810816,-0.3667377787027027,2,1,2,3,K2S
1232,-0.23232201666666663,-1.1081787167777777,-0.13113914588888884,0.5202678982222222,3,1,2,4,K2T
2397,-0.19726557479999998,-1.165038745,-0.9917662918,0.32833591360000003,3,1,1,4,K2V
835,-1.0434693588461539,-0.831555326,-0.7802681638461538,0.2838451326153847,1,1,2,4,K2W
806,-0.6342618521971832,-0.7939327669295775,-0.8386157303661969,0.1175785162535211,2,2,2,4,K4A
1079,-0.547625567611111,-0.8432820352777779,-0.7293457092222222,-0.09283028300000001,2,2,2,3,K4B
834,-0.6524909661428572,-0.8091809162857144,-0.21296408028571429,-0.6190420491428572,2,1,3,2,K4C
811,-0.19753035590476192,-0.3229856435714285,-0.09471389628571426,-0.6344764964761904,3,3,3,2,K4K
725,-0.6379907475000001,-0.9788293331999999,0.1297621791,-0.5155215362000001,2,1,3,2,K4M
846,-0.7981562555384616,-0.8966348235384614,-0.31021023253846153,-0.542003057,2,1,2,2,K4P
604,-0.6894155806842104,-0.5853760116842105,-0.5457270000526315,-0.6731078711578948,2,2,2,2,K4R
614,0.3309493901923077,0.768045314076923,0.9346956833461537,-0.8593613873846154,4,4,4,2,K6A
495,0.4028541367974684,0.9341975458227848,0.6830118238607595,-0.599460051607595,4,4,4,2,K6H
500,0.4941451587692309,0.9426470883846151,0.8612045339230769,-0.6383833717179487,4,4,4,2,K6J
520,-0.386593308875,0.037394721125,0.42878250412499996,-0.7793826605,3,4,4,2,K6K
492,-0.6353217856666666,-0.2674077813333333,0.26928186500000006,-0.8701174278333333,2,3,4,2,K6T
508,0.1934611771449276,0.25261156455072453,0.7017014669275362,-0.7645458197536229,3,3,4,2,K6V
583,-0.09451202775609753,0.3200993052682927,0.4402487881463415,-0.8235300622926829,3,3,4,1,K7A
699,-0.23958391605882354,-0.3920064143823529,-0.05473091255882352,-0.740758874,3,2,3,2,K7C
548,-0.01795657639999998,-0.17619654456000003,0.60298900524,-0.8855220755600002,3,3,4,1,K7G
617,-0.02151579277142855,-0.22562160637142858,0.8617249730285713,-0.9441855122285716,3,3,4,1,K7H
625,1.178472826471698,0.7514243438301889,-0.22892330507547168,-0.26768790016981137,4,4,3,3,K7K
690,0.7961168112711866,-0.4926771678983052,0.08516334638983053,-0.3655107363559322,4,2,3,3,K7L
625,0.43708842597499975,-0.09001347838749998,0.3680630290125001,-0.40699702691249995,4,3,4,3,K7M
648,-0.24725923492307694,-0.07698116323076921,0.030082075,-0.5671617520769231,3,3,3,2,K7N
865,-0.2994904635172414,-0.5634733762068965,-0.049610993931034464,-0.46330304513793097,3,2,3,3,K7P
528,-0.12387814988888889,0.06693761155555561,0.5252279813611112,-0.8429691902777778,3,3,4,2,K7R
700,-0.05746020324000001,-0.19340965952,0.27485896251999997,-0.8413253898399999,3,3,4,2,K7S
622,0.02496107279310345,0.17816960720689645,0.7555096126896552,-0.9664736874137932,3,3,4,1,K7V
632,-0.00532591784000001,0.15851192933999997,0.35950287331999986,-0.8692678423399997,3,3,4,1,K8A
562,-0.39211332233333335,-0.5735274223333333,0.4853720756666666,-0.8990871703333333,2,2,4,1,K8B
883,0.008646995470588245,-0.6916622465882353,-1.048732017,-0.5920103617647059,3,2,2,2,K8H
633,0.16619403045161296,0.11176164143548382,0.5139734248387096,-0.6843454093225807,3,3,4,2,K8N
595,0.7694499422631579,0.8223364408684211,0.417192368868421,-0.47058128752631584,4,4,4,2,K8P
555,-0.521146176,-0.6484464566666667,0.7926099463333333,-0.7369592286666666,2,2,5,2,K8R
576,0.0757531035263158,0.29044576475438594,0.2615017197719299,-0.6678981798596493,3,4,4,2,K8V
547,0.026174411092592536,-0.14900678529629627,0.836534750685185,-0.793150323574074,3,3,4,2,K9A
638,0.9781746757959183,0.5817233448367348,0.5228306368979592,-0.49510992971428563,4,4,4,2,K9H
615,0.36981512151546386,0.3371967820927836,0.3153038932164948,-0.5269730853402061,4,3,4,2,K9J
821,-0.2780805533333333,-0.6285089800555554,0.33527219366666666,-0.3979116648333333,3,2,4,3,K9K
763,-0.2521352458461539,-0.23563590384615385,0.09279501223076922,-0.4075546746153846,3,3,4,3,K9L
658,0.11866169738461536,0.3419826955,0.8036178534807695,-0.6932287162307695,3,4,4,2,K9V
593,-0.6118849448000001,-0.4990354143750001,-0.02390584805,-0.7600447051750002,2,2,3,2,L0A
561,-0.544156242220339,-0.49576170061016955,0.013867316338983065,-0.7314375678644068,2,2,3,2,L0B
598,-0.6086794667941177,-0.5266189934411765,-0.15949377802941175,-0.7296513082647058,2,2,3,2,L0C
583,-0.34732357784905665,-0.13486348243396223,0.012773741547169806,-0.7654147900377358,3,3,3,2,L0E
602,-0.5568093182916667,-0.5574645156770834,-0.11144473816666665,-0.5889305875937499,2,2,3,2,L0G
1567,-0.5195364160769231,-0.5102582400769231,-0.2950845600769231,0.14211055015384616,2,2,3,3,L0H
2022,-0.8254930882727272,-0.7271129175454545,-0.5352923310000001,-0.16651934236363636,1,2,2,3,L0J
571,-0.34722263220792077,-0.08155721542574253,0.46002634909900997,-0.9187092557920791,3,3,4,1,L0K
633,-0.5080562161470588,-0.4818978263431372,0.116121287127451,-0.706383541480392,2,2,3,2,L0L
616,-0.4128877476867471,-0.3285572699397589,-0.29605818083132535,-0.6725977836867468,2,3,3,2,L0M
597,-0.5503679722941177,-0.5589597404411765,-0.29146769814705886,-0.6383201401470587,2,2,3,2,L0N
607,-0.6873493054871793,-0.7252976609230769,-0.20786566815384616,-0.5139604198717947,2,2,3,2,L0P
779,-0.648798519127119,-0.5778999950508475,-0.057270424550847465,-0.6003838829237288,2,2,3,2,L0R
670,-0.3831902477659575,-0.4742845759893617,0.40560693428723404,-0.7655716547127661,3,2,4,2,L0S
531,-0.08533485021621619,-0.1497801586756757,0.4374128614864866,-0.838596871864865,3,3,4,2,L1A
649,-0.5274712381818182,-0.4366239610454544,0.6417251968181822,-0.6388309498181818,2,2,3,2,L1B
713,-0.3569052322567567,-0.22166108818918923,-0.22275210100000004,-0.48685529683783796,2,3,3,2,L1C
761,-0.5892082746842104,-0.5173912112105264,-0.33604378460526324,-0.37749834052631587,2,2,2,3,L1E
601,0.46841475464000004,0.5016624704533335,0.46182320234666674,-0.43628738764,4,4,4,2,L1G
626,0.19702579375280888,0.5852764161123597,0.011288847808988743,-0.2986636722808988,3,4,3,3,L1H
529,0.31432437977380945,0.8762779026785716,0.038093185500000036,-0.3269657772499999,4,4,3,3,L1J
836,-0.6687235110588234,-0.192601877117647,-0.604529392862745,0.05527255198039214,2,3,2,3,L1K
985,-0.6055686908333332,-0.8026161175000001,-0.6672925766666667,0.883213227,2,2,2,4,L1L
807,-1.0725936454193548,-0.8059545322258063,-0.8969170114193548,0.06511844835483871,1,2,2,4,L1M
595,-0.055923324704545425,-0.2775780607272728,-0.007340228443181826,-0.2597875547045454,3,3,3,3,L1N
868,-0.7695678324347824,-0.49789346130434786,-0.6948515560869566,0.30696991026086956,2,2,2,4,L1P
746,-0.808024525508772,-0.5171706873684212,-0.7029667915964908,0.47267885657894737,2,2,2,4,L1R
642,-0.1859282232465753,-0.018796651849315053,-0.2403675280410959,0.18694361424657535,3,3,2,3,L1S
641,-0.9517014272625002,-0.2805532394625,-0.7974954085249999,1.0806613698249998,1,3,2,5,L1T
714,-0.5128255283333333,-0.35762876785714276,-0.34265637133333327,0.41617859342857133,2,3,2,4,L1V
587,-0.12606611306896554,-0.19366496327586202,-0.021517763655172432,-0.13603078672413793,3,3,3,3,L1W
822,-0.7662070424285715,-0.38404223921428576,-0.6298721425714284,0.8260232551071428,2,2,2,4,L1X
459,-0.18396944171428573,-0.5446891264285714,-0.06023516900000003,-0.476710939,3,2,3,3,L1Y
1443,-0.9018674744761906,-0.4493561195714285,-1.0545024716190476,1.1640306743809525,1,2,1,5,L1Z
584,0.036031606218750026,0.44992815221874993,0.5965915978437498,-0.6613668018125,3,4,4,2,L2A
664,0.4101130617777778,0.5250743215396825,0.5176836031111111,-0.4294340445555555,4,4,4,3,L2E
538,0.3374424468727273,0.7541490275636363,0.26657867343636366,-0.38979711167272724,4,4,4,3,L2G
895,-0.27935986694117654,-0.28464808929411767,0.3287174115294118,-0.3180045839117648,3,3,3,3,L2H
560,-0.032379150642857145,-0.06597060117857141,0.6862198678571431,-0.5934967584285713,3,3,4,2,L2J
547,0.1373486137741936,0.22033272746774193,0.5164039743709677,-0.42692194754838697,3,3,4,2,L2M
595,0.028638199407407416,-0.3079890543148149,0.7593125243888891,-0.5285399606111112,3,3,4,2,L2N
630,0.39524472168,0.6049836634800001,0.0492557358,-0.32690229752,4,4,3,3,L2P
612,0.5714209554782604,0.22435772066666662,0.030445050289855075,-0.43800464165217406,4,3,3,2,L2R
640,0.09943195028124999,0.24757636734374994,0.09147823715625,-0.15843091846875001,3,3,3,3,L2S
564,0.3882840581052631,-0.028574943578947343,0.5118155117894737,-0.16793756936842102,4,3,4,3,L2T
603,0.14691989341935477,0.2855659619354839,0.035459351580645164,-0.40412449054838706,4,4,3,3,L2V
815,-0.19900857200000002,-0.03958496250000002,-0.12690588825,0.24618412799999995,3,3,2,4,L2W
621,0.17719892772727275,0.6363073352727273,0.3835962589393941,-0.628432083878788,4,4,4,2,L3B
618,0.014699898627450974,0.06885312382352943,0.47742301676470583,-0.5333855340588234,3,3,4,2,L3C
560,0.07262234116216222,0.4039477402162161,0.7436111953783784,-0.8599663736486487,3,4,4,1,L3K
700,-0.34781400407692303,-0.6277664169487179,0.19230588938461535,-0.5926183768205129,2,2,3,2,L3M
1165,-0.6443635226800001,-0.5710002940266665,0.11377430933333334,0.6688071117733334,2,2,3,4,L3P
938,-0.636131159695122,-0.12577266059756098,0.2617538418780488,1.5338618072439023,2,3,4,5,L3R
1012,-1.005973941781818,0.4804789745636363,-0.08463018949090909,2.075092791454546,1,4,3,5,L3S
760,-0.30957806473529415,-0.6867208091911765,0.2218883163382352,0.8088492636029412,2,2,4,4,L3T
529,0.24982781530681814,0.40016487113636356,0.5312686536477271,-0.6792482409999999,4,4,4,2,L3V
1393,-0.615571394,-0.42923069364516137,-0.9719051337096772,0.47138320545161305,2,2,1,4,L3X
792,-0.06887596665116286,-0.22705853824418612,-0.20705781504651166,-0.15382360753488375,3,3,3,3,L3Y
956,-0.3369338821428572,-0.11919016011428574,-0.38682379368571446,-0.1888658138285714,3,3,2,3,L3Z
1045,-0.4056792064090908,-0.7577727766363634,-0.02163061486363638,-0.15899616890909093,2,2,3,3,L4A
679,-0.6509534801636362,-0.6282400807272726,0.0017245667090909093,1.5742519115636366,2,2,3,5,L4B
711,-0.051780498578124966,-0.337032462140625,-0.01869388774999998,1.0070835138749998,3,2,3,5,L4C
2616,-0.72280401985,-0.68589868765,-0.7016494935999998,0.9602303380500002,2,2,2,4,L4E
900,-0.22429748177777775,-0.5802693725714286,-0.3801349577777778,-0.010999631349206342,3,2,2,3,L4G
1369,-1.1743330431509438,-0.34868906654716986,-0.6660732266792453,0.5876491524905659,1,3,2,4,L4H
814,-0.7067919258762889,-0.7967034244123709,-0.27509273024742265,0.5680513057113401,2,2,3,4,L4J
1192,-0.6203527130666665,-0.3440888842666667,0.02900346320000007,0.5757461412666667,2,3,3,4,L4K
1118,-0.7448766504494383,-0.377867643483146,0.35411271967415736,-0.007512460943820247,2,3,4,3,L4L
634,0.21214049247524747,0.018857026574257457,-0.2760428876435643,-0.39917724501980206,3,3,2,3,L4M
607,-0.08795683596610165,-0.028811918689265525,-0.501646827344633,-0.19934894266101688,3,3,2,3,L4N
779,-0.26015828231707316,0.06531713304878052,-0.46336291565853666,-0.5147589440731708,3,3,2,2,L4P
517,0.15863098069767434,0.4073283659302327,0.6336813006976745,-0.7201732002790698,4,4,4,2,L4R
1636,-0.6795401463913044,-0.6249421864347826,-0.3727872724782609,1.4276781837391304,2,2,2,5,L4S
620,-0.19794187196774196,0.915473120032258,-0.20510781250000004,2.241303369919355,3,5,3,5,L4T
890,0.339627558,1.536057834,-0.5700702835,2.8921612359999997,4,5,2,5,L4V
658,-0.2771963354722222,-0.2761035118055555,0.5319374337777778,0.3050159738611111,3,3,4,4,L4W
822,0.11020959750000002,0.3614346009583333,-0.20487742904166661,0.9574387435833334,3,4,3,4,L4X
688,-0.11380263197560977,-0.03595193112195125,0.26025522614634145,0.28625591897560976,3,3,3,4,L4Y
871,-0.40569381193181825,-0.14278293590909083,-0.1923538025454546,1.1130964274545454,2,3,2,5,L4Z
827,0.08367376728813564,0.14475966884745756,0.011549817440677962,0.7495050442033898,3,3,3,4,L5A
1209,0.13282061827777783,-0.027196360518518533,-0.006310440666666672,1.3529112892222221,3,3,3,5,L5B
647,-0.3454483544347826,-0.05026125639130435,-0.08923723097826086,0.9887708986521738,3,3,3,5,L5C
622,0.0697976772380952,0.06855135461904759,-0.11676255895238098,-0.20422013695238098,3,3,3,3,L5E
591,0.5098760902162163,-0.26357871470270267,-0.23255166978378383,-0.0861962115135135,3,3,3,3,L5G
627,-0.2716482748387097,-0.7663365409999999,-0.3464958998064516,0.11971774093548385,2,2,2,4,L5H
594,-0.2036163934489796,-0.31577472814285706,-0.17572084695918364,0.09786520459183673,3,3,3,4,L5J
698,-0.26928870781481473,0.02097926885185189,-0.08981615737037035,0.7043336672962963,3,3,3,4,L5K
658,-0.42150617149999997,-0.43782548930000004,-0.09343828667142859,0.6155875828571427,2,2,3,4,L5L
970,-0.6106679968245615,-0.43101375785964896,-0.5275885319649124,1.567396718298245,2,2,2,5,L5M
732,-0.6884551553333332,-0.5419955598803419,-0.7619054044786323,0.7912819953162394,2,2,2,4,L5N
876,-0.48088606206976736,-0.15780684813953486,-0.27431806867441855,1.5627974547441859,2,3,3,5,L5R
790,-0.31917986600000003,0.6124641579999999,-0.6015844395,2.6524634875,2,4,2,5,L5S
1047,-0.21245677440000002,0.5257252095999999,-0.5892226389999999,2.1139030172,3,4,2,5,L5T
775,-0.8261068908732394,-0.1508738751690141,-0.6335243505070418,1.833665771197183,1,3,2,5,L5V
932,-1.1304146873703702,-0.47719334196296287,-0.9223027833703706,1.8395527009259258,1,2,1,5,L5W
1702,-0.8790007337254901,-0.4805875561960785,-0.42017311935294116,0.4021089986078432,1,2,2,4,L6A
4655,-0.7894152210000001,-0.46885051212499995,-0.7129652792500001,1.480224777625,2,2,2,5,L6B
1178,-0.8801093976666668,-0.4248527002708334,-0.40626287720833343,1.6215775023958328,1,2,2,5,L6C
1924,-0.881712433631579,-0.4331129533684211,0.15991640005263158,1.687854715421053,1,2,2,5,L6E
4090,2.008345147,-0.4165221315,-0.343459591,2.2827317555,5,2,2,5,L6G
691,-0.52314634420202,-0.6710071214444447,-0.6476790019797979,0.5155777008181818,2,2,2,4,L6H
527,-0.6130221048627451,-0.8994092969411762,-0.22948668556862742,0.46863137366666674,2,1,3,4,L6J
556,0.7516711774583332,-0.012737236333333346,0.208659754875,0.2575206972083333,4,3,3,4,L6K
656,-0.24470396680434786,-0.7627683759782606,0.1541647082173913,-0.02920407634782609,3,2,3,3,L6L
922,-0.8404319513521129,-0.7502049077323945,-0.8507968049859153,0.8618523876760563,2,2,2,5,L6M
2141,-1.22240339375,-0.03277636747500002,-0.51782306445,1.952791818775,1,3,2,5,L6P
1130,-1.2042291447974687,0.10864216750632912,-0.6492107641518989,2.30742357821519,1,4,2,5,L6R
719,-0.5568283075555555,0.09271159932098766,-0.32000754060493813,0.8557618008271605,2,3,2,4,L6S
1025,-0.04554919714583338,0.6597213051666667,-0.3829643345625,1.2462380715416668,3,4,2,5,L6T
684,-0.03555958693846147,0.6075702921538461,-0.5674111599538461,1.0767268600769235,3,4,2,5,L6V
707,-0.03793432693548385,0.20529971632258057,0.07033440267741936,0.5283806042580645,3,3,3,4,L6W
960,-0.4781443960416667,0.10965347706944446,-0.6246553476666665,1.1062157698194448,2,3,2,5,L6X
982,-0.3629682767142856,0.16774379058241762,-0.41473519037362633,1.710614131725275,2,4,2,5,L6Y
634,-0.6922710993090907,-0.2198144270727272,-0.5217227878545455,0.8315666990181819,2,3,2,4,L6Z
1083,-1.0955670238266668,-0.10633401492000007,-0.9909323364533335,1.7817288836799996,1,3,1,5,L7A
763,-0.6213656897619048,-0.9423435850952385,-0.3481135404761905,-0.28914277509523806,2,1,2,3,L7B
862,-0.684993883909091,-0.5894780963636364,-0.24195967648484845,-0.17614254375757576,2,2,3,3,L7C
668,-0.8806987762777779,-0.5149037900925925,-0.6194844320555554,-0.26710178594444456,2,2,2,3,L7E
629,-0.5679186127625001,-0.6536763558749998,-0.5389844273625,-0.393052996525,2,2,2,3,L7G
598,-0.5264590402333333,-0.5096729162,-0.4147672285,-0.5644315101333335,2,2,2,2,L7J
541,-0.6661162307222221,-0.8145682276111113,-0.3389631617222222,-0.5521171703333333,2,2,2,2,L7K
737,-0.4124907119142856,-0.7565054001571426,-0.1259092890285714,-0.13604472181428576,2,2,3,3,L7L
685,-0.5783083278194444,-0.9058426524166668,-0.5780604211527778,-0.014104070375000024,2,1,2,3,L7M
637,0.023479398045454528,-0.7088119071363637,0.49033054290909095,-0.4520784821363637,3,2,4,2,L7N
596,-0.4709294612807017,-0.6537959453508773,-0.13280795299999998,-0.39132617245614043,2,2,3,3,L7P
603,0.7503138897096775,-0.457166380548387,-0.0619370406129032,-0.3670772060322581,4,2,3,3,L7R
648,1.0431815094210526,-0.38128197542105263,0.7654501790526316,-0.3034667702631579,4,2,4,3,L7S
753,0.03143580516666667,-0.640569707708333,0.34805844908333333,-0.42381669166666663,3,2,3,2,L7T
694,-0.581288784772727,-0.8747638042045452,-0.47980183797727255,-0.46570638627272737,2,1,2,2,L8B
760,-0.2705962965000001,0.16736179140740748,0.11787780790740739,0.07350888548148143,3,3,3,3,L8E
549,0.0012411510952380998,0.002576786904761898,0.8554412105714286,-0.532151758452381,3,3,4,2,L8G
517,0.30812771325454547,1.4894796866727278,-0.09356521158181813,-0.4064471054727273,4,5,3,2,L8H
709,-0.7628045914285715,-0.46353473845714277,-0.395407353457143,-0.20506185420000003,2,2,2,3,L8J
530,0.2531570347118644,0.4492782998813559,0.3610498499491525,-0.4236665577118645,4,4,4,2,L8K
463,0.6921779763194446,2.2485888206111104,-0.32536547826388884,0.16596879790277783,4,5,2,3,L8L
523,1.150928765972973,1.6357655854054052,-0.3818064607297298,0.07806301916216216,5,5,2,3,L8M
588,1.011255353770833,0.37759925558333335,-0.38616142777083323,0.15240110756250003,4,3,2,3,L8N
583,2.016948786625,0.1669879053,-0.03640678407500001,-0.07483646810000003,5,3,3,3,L8P
616,1.6686414124210527,1.2391969333157893,-0.10993876247368417,0.41672572489473686,5,4,3,4,L8R
638,0.9535206865416671,0.06953738645833334,-0.127984725,0.3897909522083333,4,3,3,4,L8S
535,0.13580541662499998,0.36357065852500003,0.42623241920000005,-0.341839145925,3,4,4,3,L8T
526,0.5237911042051282,0.5849701121794874,0.5314275277948719,-0.25729803735897433,4,4,4,3,L8V
616,-0.5192255940930233,0.22121069967441861,-0.3769470162093024,0.36255028802325584,2,3,2,4,L8W
581,0.1460075119583333,0.3778438554166667,0.18289770427083338,-0.037862085625,4,4,4,3,L9A
787,-0.49708075872222224,-0.15532617855555558,0.5506564950277778,0.19432733727777773,2,3,2,4,L9B
577,-0.19427967136111113,0.15115675440277776,0.27913867949999993,-0.006492100458333356,3,3,4,3,L9C
1438,-0.39088525080000003,-0.6052862359333333,-0.5044711156,-0.06229654433333332,3,2,2,3,L9E
732,-0.530915683981132,-0.8193393630943394,0.005951310452830202,-0.22992165905660378,2,2,3,3,L9G
567,-0.22253546133783786,-0.6410940353783786,0.2084169125135136,-0.5521367099999999,3,2,3,2,L9H
1792,-0.48155725900000007,0.20627751283333332,-0.27391916450000003,-0.29675409,2,3,3,3,L9J
872,-0.4860323831764705,-0.6757763512352941,-0.15090148029411765,0.48667481399999996,2,2,3,4,L9K
552,-0.29241504884848496,-0.5246706352727273,0.20816682533333333,-0.6975228771818182,3,2,3,2,L9L
571,-0.04169125196296295,0.21100627866666669,0.8716918457037038,-0.819702702851852,3,4,4,2,L9M
606,-0.5526913057499999,-0.5036804239166667,-0.23437939854166664,-0.5115530126666666,2,2,3,2,L9N
712,-0.4750172916285713,-0.6828621409714286,-0.2080948510571429,-0.6300858670285715,2,2,3,2,L9P
707,-0.18289249871794874,-0.19172597628205132,0.1307758877948718,-0.6066269299999999,3,3,3,2,L9R
643,-0.45276588272916674,-0.14736877072916663,0.00955364754166668,-0.5587933875208334,2,3,2,2,L9S
885,-0.7236757995245905,-0.7204363083688524,-0.7944279076803277,0.5035908350983606,2,2,2,4,L9T
845,-0.16820142491666668,-0.18251322525,-0.16343598075000002,-0.4897279355833333,3,3,2,2,L9V
643,-0.30712274378666654,-0.33710929561333325,-0.44360327674666666,-0.44305073530666683,2,2,2,3,L9W
645,-0.8606075551578949,-0.9189857002105262,-0.524208233,-0.4866085862105264,1,1,2,2,L9X
650,0.2110856780227273,-0.06249203245454548,0.5563406464090908,-0.754273753931818,4,3,4,2,L9Y
827,-0.07189458456000002,0.12243879712,1.5271445412799993,-0.7624335962800001,3,4,5,2,L9Z
692,-0.5088236165,0.7730129621022727,-0.20327460762500005,1.732363571136364,2,4,3,5,M1B
611,-0.7281382869491524,-0.40989878435593224,0.15120064901694916,0.5199352433050848,2,2,4,4,M1C
702,-0.023605542292307716,0.5995780285076926,0.08133986875384616,0.8274225386615381,3,4,3,4,M1E
766,-0.16782323906976748,1.0257827421162793,0.08485442311627908,1.6005828493255816,3,4,3,5,M1G
939,-0.17253369211764708,0.5782803710882354,0.07921385923529413,1.4826529843235294,3,4,3,5,M1H
903,0.1899072182500001,0.9636149707250002,-0.05504299997499999,1.6332936363,4,4,3,5,M1J
766,0.1864670827377049,0.910721049655738,-0.14031075988524588,1.4001199400327873,4,4,3,5,M1K
859,0.26111207511627904,0.5847315984418604,-0.14243639013953488,1.1902138348372095,4,4,3,5,M1L
606,0.0905330407631579,0.34725699421052636,0.009966519526315798,0.5788110047105262,3,3,3,4,M1M
529,0.2679855071333334,0.10003254211111114,-0.12789045282222222,0.05363565513333335,4,3,3,3,M1N
852,0.298085433245283,0.6072239541132076,0.12464375998113206,1.3935032350377363,4,4,3,5,M1P
590,0.08947020888461539,0.4962964048076923,-0.05787952284615383,1.015492513596154,3,4,3,4,M1R
799,-0.2843613054137931,0.5461195888793103,0.5874713187068966,1.6791809211379312,3,4,4,5,M1S
874,0.15516140657777777,0.32525572351111104,0.521022336377778,1.3990280950666665,3,4,4,5,M1T
733,-0.6038526278472222,0.8846352439999998,0.36922807527777773,2.0302916037222225,2,5,4,5,M1V
764,-0.28646961744927535,0.437160243231884,0.45257916681159416,1.577747156304348,3,4,4,5,M1W
1060,-1.2141933672666667,0.2704427381333333,-0.4805866743333333,1.8836482041999998,1,4,2,5,M1X
654,-0.019340353342105248,-0.019754842315789473,0.4682922966842104,1.5454522358421052,3,3,4,5,M2H
865,0.3361450025,-0.06312332079411763,0.17238729723529408,1.6645476883970587,4,3,3,5,M2J
832,0.5265802574838709,-0.7683625836451613,0.27756759780645157,1.3566099039354835,4,2,4,5,M2K
688,-0.2955985707272727,-0.6564643807727271,-0.017404507818181807,1.0615321488636367,3,2,3,5,M2L
739,0.23628426768749997,-0.2673276839375,0.39411194760416673,1.5284141864375005,4,3,4,5,M2M
970,0.8005024693536589,-0.5745190866341463,-0.18331292620731704,1.6468569953170737,4,2,3,5,M2N
699,-0.2986133610769231,-0.774478256153846,-0.08437432499999999,0.7870233136923078,2,2,3,4,M2P
966,0.7486817883877552,0.06833383359183676,0.06268791067346942,1.590918055489796,4,3,3,5,M2R
677,0.248132324787234,0.08715251802127662,-0.29377760070212766,0.8897114230212766,3,3,3,4,M3A
606,-0.39988734613636345,-0.6908843610454546,0.0561686646818182,0.698911409,2,2,3,4,M3B
1230,0.7519630037419356,0.6521419709999999,-0.028754266483870982,1.5553676332258062,4,3,3,4,M3C
685,0.3376737369818183,-0.3643554250545453,-0.3753158685636363,0.7773675460181819,4,3,2,4,M3H
912,0.47738092022857137,0.9586744638857145,-0.10969513582857145,1.4399019565142857,4,4,3,5,M3J
745,0.43142897924999996,0.37091253416666675,-0.02180727033333335,1.0916178473333333,4,4,3,5,M3K
729,-0.22277749029166669,1.585615148583333,0.36816388454166676,1.0623621527083336,3,5,4,5,M3L
746,0.5358310058421054,1.113387725973684,-0.046752366657894714,1.1520690854473687,4,5,3,4,M3M
988,0.16132197637499995,2.5855617110500004,-0.18006809069999996,1.9119772504250006,4,5,3,5,M3N
952,0.7619312436000001,0.3006584138,0.19455756154999998,1.03650033285,4,3,3,4,M4A
658,0.3665385296428571,0.4483804391071428,-0.2977511528571428,0.38406696325,4,4,3,4,M4B
729,0.44625237246153837,0.0019506379076923088,-0.505750058123077,0.18897204421538463,4,3,2,3,M4C
596,0.4948063177906978,-0.396406195116279,-0.6117943971860466,-0.2116681074418605,4,2,2,3,M4E
649,-0.03216654906249997,-0.8607367910937501,-0.4502310179062502,-0.035476400125000015,3,2,2,3,M4G
2298,1.1124054807000001,0.7470574944999999,-0.3258278829,2.0591038615,5,4,2,5,M4H
591,0.33169097592424246,-0.0799890335606061,-0.24945185131818184,0.0669106991212121,4,3,2,4,M4J
593,0.7674734073392858,-0.39116539051785715,-0.4021911658035716,-0.06776989069642855,4,2,2,3,M4K
546,0.6558400155692308,-0.07924040940000002,-0.7252048741076924,0.029740758307692308,4,3,2,4,M4L
610,0.8071335972439025,-0.05976804312195125,-0.632699640609756,0.36424550958536583,4,3,2,4,M4M
649,-0.021883848161290274,-0.8975607719677419,-0.16210341993548386,0.11290531987096776,3,1,2,4,M4N
941,1.463378927153846,-0.7614433178076925,-0.32053235534615393,0.22623152626923082,4,2,2,4,M4P
650,0.5751534942777777,-0.8091075826666667,-0.6924877178888887,0.0903551282222222,4,2,2,4,M4R
911,0.9775058701612901,-0.9657935132903226,-0.47509287780645154,0.13085553112903223,4,1,2,4,M4S
733,0.9636258344285715,-0.9199445069047621,0.03430321109523808,-0.20323635733333337,4,1,3,3,M4T
728,1.439658700074074,-1.1232664917037036,0.04956614985185183,-0.22824279118518515,5,1,3,3,M4V
749,1.1662216045833333,-1.0990918238749998,0.19573081749999996,0.04396440575000001,4,1,3,3,M4W
1225,2.142566168705882,0.004940124823529384,-0.4007002222941176,0.6337524027647059,5,3,2,4,M4X
1043,2.946521167352942,-0.5512127285882356,-0.6105376428529412,0.748925757264706,5,2,2,4,M4Y
906,2.137439936347825,0.7042168934782608,-0.5560134739565216,0.6352610955869565,5,3,2,4,M5A
1105,2.6514487097777772,-0.5998853575,-0.5567223418333334,0.5180409896111111,5,2,2,4,M5B
1346,2.609559323,-1.0884289955000002,-0.49930773100000003,0.22409362625,5,2,2,4,M5C
1665,2.313388239833333,-0.8882842270000001,-0.6522199469166666,0.6101727599166666,5,2,2,4,M5E
1646,3.0142825766666665,-0.46226331933333337,-0.8278660245,1.5805290515,5,2,1,5,M5G
1708,2.8722611295,-1.7861130205,-1.09921865,0.560436165,5,1,1,4,M5H
1499,1.5186955558571427,-1.3551985987142854,-0.3710007123571429,0.45010467099999996,4,1,3,4,M5J
642,-0.22433859706818182,-0.7316002751363637,-0.5102326823863635,0.2971929545909091,3,2,2,4,M5M
600,0.36215787593103443,-0.5881060213448275,-0.5666550574827587,0.4792611637241379,3,2,2,4,M5N
593,0.9388568197428571,-0.9834637640285712,-0.23387272622857144,0.10753718254285714,4,1,2,4,M5P
695,2.045855558106383,-0.8868241521914896,-0.3327541940638297,-0.10688452555319147,5,2,2,3,M5R
697,2.1974160486363634,-0.49344183863636365,-0.13688078695454545,0.8615831245,5,2,3,4,M5S
596,2.1131663654193544,0.9490397400967743,-0.2877151706129033,1.1914020640000003,5,4,2,5,M5T
2032,2.6268648577600002,-1.23261071064,-1.1240774197999999,0.4226212357200001,5,2,1,4,M5V
1537,2.4196017006666666,-0.007175176999999995,-0.139964118,0.10104465833333333,5,3,3,4,M5W
727,0.46417841265714294,0.928325457857143,-0.22257971508571425,1.1022230431428575,4,4,3,4,M6A
645,0.357245629846154,0.10756782417307689,-0.12739962911538466,0.7516473235000001,4,3,3,4,M6B
551,0.6173701499772727,-0.1786020094545454,-0.49309814022727266,0.26396847493181813,4,3,2,4,M6C
505,0.39695715264556963,0.6947554385696201,-0.20074554587341767,0.6558437633797467,4,4,3,4,M6E
546,1.1022115383015874,-0.19145138698412698,-0.40929815861904767,-0.0083560461111111,5,3,2,4,M6G
528,0.9787866343555555,0.20691761481111107,-0.5857271600333334,0.2742464651555556,5,4,2,4,M6H
599,1.335309826095238,-0.31118163414285716,-0.6105822277936507,0.09255122314285713,5,3,2,4,M6J
949,2.043614166103448,0.24478357932758635,-0.7077411630689654,0.44270827143103436,5,3,2,4,M6K
885,0.227308415,0.8691044740322581,0.3680834230967742,0.887085610451613,4,4,4,4,M6L
789,0.3725984504098361,1.2743078299999993,-0.28547745249180334,1.0468339201639347,4,5,3,4,M6M
620,0.3047758860597015,1.0795045703731345,-0.2865543753880598,0.4804410876865669,4,5,2,4,M6N
715,0.9602488032666667,-0.49880831363333333,-0.6371176510833332,-0.005823816233333333,4,2,2,3,M6P
560,1.1118004364047618,-0.5104044393095237,-0.8378105674047618,-0.23450726111904757,5,2,1,3,M6R
665,0.28445150069811326,-0.4429776901509434,-0.5335210760943395,-0.05456702752830189,4,2,2,3,M6S
1399,2.550627192399999,-0.6436332424666666,-0.35870532596666665,1.1778195484999998,5,2,2,4,M7A
808,1.2807737627727276,0.24659843724999994,-0.3660033216136364,0.22059817918181823,5,3,2,4,M8V
534,0.4380890702820514,-0.09884231069230767,-0.25578241584615385,-0.16549113515384614,4,3,3,3,M8W
690,-0.01572391982352934,-0.9325464451176471,0.13285113952941174,-0.2642029284705883,3,1,3,3,M8X
778,0.643439804516129,-0.17924321838709684,-0.21153135496774195,0.13329260248387095,4,3,3,4,M8Y
835,0.3684660648620689,-0.5131892313448275,0.03677814206896553,-0.11705675389655172,4,2,3,3,M8Z
886,0.16927061346511627,-0.5839137911395348,0.033717750511627925,0.11236515241860466,3,2,3,3,M9A
698,-0.19204640428301886,-0.44909967001886797,-0.06485574743396226,0.09073504898113209,3,2,3,3,M9B
773,-0.0176290182166667,-0.3184390038833335,0.17901493976666671,0.07336686753333331,3,3,3,3,M9C
673,-0.0235377001111111,1.1025344272592592,0.05266870925925921,1.33343251362963,3,5,3,5,M9L
827,-0.21403937616666666,0.9361349172333333,0.058543976799999994,1.220175588266667,3,5,3,5,M9M
739,0.5469529660571429,1.045558923742857,-0.3491804022,0.9937643570285714,4,4,3,4,M9N
713,0.05848914033333337,-0.0681661223,0.7367897522,0.006907684066666686,3,3,4,3,M9P
787,0.08074925222222223,0.27204323813333336,0.3794668417333334,0.6122764304444442,3,3,4,4,M9R
835,-0.35073388768656705,1.0814341251343287,-0.07373765395522389,1.9600098496417913,3,5,3,5,M9V
698,-0.13183921811666663,0.6422928587666664,-0.10355149603333329,1.2658693967333339,3,4,3,5,M9W
539,-0.345780020746988,-0.1633336131204819,0.37520617151807223,-0.8724341889638554,3,3,4,1,N0A
639,-0.7842514631105987,-0.48845029903686654,-0.21065122225806446,-0.6108238844884794,2,2,3,2,N0B
559,-0.4989441936744186,0.09966367111627915,0.2109534826976744,-0.8295369336744184,2,3,4,1,N0C
535,-0.5504457948190474,-0.0568520533142857,0.1760687991619047,-0.7580648257619048,2,3,3,2,N0E
550,-0.5818379013705579,0.05084240110659893,0.025491335573604074,-0.7899836986091375,2,3,3,2,N0G
620,-0.29765910930693074,-0.4329349800594058,0.8703679351584159,-0.9762407354950494,3,2,4,1,N0H
572,-0.821830977417476,-0.057169576563106894,-0.24092823456310664,-0.6206905467281552,2,3,3,2,N0J
584,-0.7265676287727272,-0.13789444124242423,-0.3012725530303032,-0.6956005776212122,2,3,2,2,N0K
531,-0.5721106388362067,-0.3659460969827589,0.016354476077586194,-0.8264429950258622,2,3,3,2,N0L
508,-0.4209975024465408,-0.36680441260377356,0.2333231013333333,-0.8773529815849058,2,3,3,1,N0M
500,-0.4598854413846152,-0.3925500415164835,0.244028949,-0.7857445819560444,2,2,4,2,N0N
415,-0.47705348727485375,0.06974648947953213,0.40843407346783633,-0.8267213971871343,2,3,4,2,N0P
699,-0.6165455377872341,-0.4487783671808511,0.011388082255319142,-0.7498013695744681,2,2,3,2,N0R
514,-0.4007671229375,0.17231773424999997,0.41281625225,-0.7716398098125,2,3,4,2,N1A
764,-0.5978593158333333,-1.066210997,-0.7908771915,0.010120256833333322,2,1,2,4,N1C
695,0.08376475920967737,-0.22243176101612908,-0.3398127982419354,-0.4793346939032258,3,3,3,2,N1E
606,0.14829991899999997,-0.60044030575,-0.001163452895833426,0.053729884333333366,3,2,3,3,N1G
584,0.2606442380103091,-0.25094832844329895,-0.23102739743298972,-0.3237612749278352,3,3,3,3,N1H
594,-0.5737791811500002,-0.3049836316999999,-0.66704731235,0.18263345775,2,3,2,4,N1K
1132,-0.3464536173529411,-0.8286470561764706,-0.7307929274705884,0.19691002952941178,3,2,2,4,N1L
623,-0.3182858954,-0.5985195176,0.1996409468,-0.7003084191714288,3,2,3,2,N1M
1365,-0.7928620645714286,-0.12016585242857143,-0.7846622088571429,-0.14274618085714286,2,3,2,3,N1P
678,0.07764955647142865,0.4411216550857143,-0.0980444913,-0.31027311754285714,3,4,3,3,N1R
676,0.01552002666666666,-0.17670453599999994,-0.13217347839393942,-0.5667278941212122,3,3,3,2,N1S
856,-0.8829480281363634,-0.3967912505909091,-0.8022644954545455,0.3388096713636364,2,2,2,4,N1T
762,-0.006688075439024393,0.04088497187804878,-0.09152123851219512,-0.05972245892682928,3,3,3,3,N2A
556,0.2932965594838709,0.019780870741935495,0.12550786322580645,-0.5165837980322581,4,3,3,2,N2B
891,0.8086756397,0.47573851949999996,-0.1394615233,0.1483429484,4,4,3,4,N2C
989,-0.15398481202000003,-0.005996316499999962,-0.50579054436,0.08493738578,3,3,2,3,N2E
611,1.6859900135185186,0.1836891365185185,-0.18127541255555554,-0.11269513477777779,5,4,3,3,N2G
526,1.0998555632765958,0.02054318259574467,-0.27838508434042547,-0.5369651146595744,4,3,3,2,N2H
795,0.13752979491666656,-0.43048536093333334,-0.22993505374999995,-0.05860984329999998,3,2,3,3,N2J
762,-0.3822547932972973,-0.7229256505135132,-0.6274336883783784,-0.021819951567567553,2,2,2,3,N2K
619,0.9182400348800003,-0.06867533478000003,-0.09149346092,0.29091393423999995,4,3,3,3,N2L
662,0.6969170367931035,0.4069280548965516,-0.1521928248793104,0.12829360217241384,4,4,3,3,N2M
756,-0.6490157825999999,-0.47562725048571425,-0.37279815794285714,-0.0886749447142857,2,2,2,3,N2N
1018,-0.08141485576190476,-0.49109240347619043,-0.5445224915714285,0.03724580480952381,3,2,2,3,N2P
2673,-0.6648545054,-0.9518592946,-0.9420535125999999,0.0680654516,2,1,1,3,N2R
862,-0.6927491913055556,-0.7887592215555556,-0.6102565443888888,0.4486751948055556,2,2,2,4,N2T
1138,-0.5081247339999999,-0.9075894773809523,-0.4484593118095238,0.1075373576190476,2,1,2,3,N2V
647,-0.21078872830434783,-0.5331964270869564,0.5056941471739131,-0.86236494,3,2,4,2,N2Z
743,-0.5543861513333334,-0.6814642067037036,-0.2556336459259259,-0.658296442888889,2,2,2,2,N3A
604,-0.8775783806785713,0.028069854785714242,-0.30322627103571426,-0.5108284001785713,2,3,2,2,N3B
648,-0.537204518292683,-0.5326542175365855,-0.6288265543658538,-0.37013079568292684,2,2,2,3,N3C
499,-0.654866511,-0.7304133319999999,0.46965537900000004,-0.429888535,2,2,4,2,N3E
665,0.2711061981842106,0.176942350868421,0.06366600992105265,-0.576009330868421,4,4,3,2,N3H
578,-0.46222644041025635,-0.5521126538717948,0.05109461233333333,-0.7258323922307693,2,2,3,2,N3L
577,-0.5074697789999999,0.06819403666666668,-0.4616980016666667,-0.176542472,2,3,2,3,N3P
642,-0.1486917005,0.023353584287499986,0.24936379714999993,-0.5466528959125001,3,3,3,2,N3R
572,0.4343471752037037,1.1418426830555557,-0.1428348036666667,-0.4913127415925927,4,4,3,2,N3S
684,0.006092161826086965,0.22353346153623194,-0.10629006242028985,-0.5059877677391305,3,3,3,2,N3T
703,-0.7895650273333333,-0.5522900536666667,-0.12917790633333334,-0.4438255656666667,1,2,3,2,N3V
604,-0.586802272475,-0.4561473183749999,-0.22309280152499994,-0.6727929644999999,2,2,3,2,N3W
538,-0.07563291167796608,0.16187821935593222,0.67330210120339,-0.8302089981186439,3,3,4,2,N3Y
515,-0.3654772136538461,0.13032996684615383,0.3171516123461538,-0.8251386206538461,3,4,4,2,N4B
692,-0.349993361625,0.30077121867499995,0.28922821762500006,-0.6506137925250002,3,4,3,2,N4G
502,0.19258675408955223,0.06685341241791043,0.5519911472238808,-0.8400728014328355,3,3,4,2,N4K
536,-0.09375837314999999,-0.28531001695,0.9981575155499998,-0.9268078428500001,3,3,4,1,N4L
550,-0.08717316408333331,0.10940763604166669,0.6890539800416667,-0.8865421617083334,3,3,4,1,N4N
688,0.0727205207761194,-0.006910481805970142,0.0034106862238805795,-0.7336523408208954,3,3,3,2,N4S
1212,-0.29059412859999995,-0.4694993306,-0.3251092687,-0.34546688070000003,3,2,2,3,N4T
1026,-0.026165566166666668,-0.14505801533333335,-0.12508244416666667,-0.3700815988333333,4,3,3,3,N4V
568,-0.6679129791071429,0.1741086041785714,-0.30631965967857144,-0.6064261956428572,2,4,2,2,N4W
530,-0.3979615646428571,-0.5318760183571428,-0.003006888500000009,-0.8578780969642856,2,2,3,1,N4X
1066,-0.10921907549999996,-0.10791656250000001,-0.22395991175000005,-0.39625422174999997,3,3,3,3,N4Z
683,0.2821153237142856,-0.16068147114285716,0.06123320697959183,-0.7259254610204084,4,3,3,2,N5A
659,-0.33148765163333327,-0.2223443228,-0.2699349586666667,-0.7878222672333333,3,3,2,2,N5C
593,-0.7107768013714287,0.5273090716285715,-0.12542388305714286,-0.3989809049428571,2,4,3,3,N5H
567,-0.25147278766666664,-0.5802087558888889,0.591574754111111,-1.0521780907777776,3,2,4,1,N5L
710,-0.157570294,0.031618922095238144,0.0012254230476190628,-0.7088990706904761,3,3,3,2,N5P
601,0.15978399646808508,0.3354367394042553,0.30004871199999994,-0.6705179870851066,3,4,4,2,N5R
606,0.005578438842105247,0.6753097089649122,-0.3133195583157894,-0.17626507745614034,3,4,3,3,N5V
525,0.6635036885882354,0.7181437079411763,-0.0317210887647059,-0.5342105227647057,4,4,3,2,N5W
945,-0.31117524921951223,-0.6998948120487805,0.05060650402439024,0.04776831365853658,2,2,3,3,N5X
735,0.5720309247241379,0.47600703136206896,-0.28941419518965517,-0.06977891667241377,4,4,3,3,N5Y
588,0.5471959961666666,1.1319615102619047,-0.1651018632619048,-0.32519970090476175,4,4,3,3,N5Z
544,1.9178675005714285,0.04681974888571424,0.019237832857142867,-0.2881371154857143,5,3,3,3,N6A
594,2.6807782814285717,0.484469233809524,-0.18137955014285717,-0.3539208336666667,5,3,3,3,N6B
566,0.603396270051724,-0.1965280766896551,-0.2573919410172415,-0.574279940396552,4,3,3,2,N6C
747,-0.1744623472790698,0.49480274888372083,-0.08913099309302323,0.3760732148139535,3,4,3,4,N6E
880,0.06819179922641508,-0.2586475213962264,-0.1541055286792453,0.36270022313207545,3,3,3,4,N6G
958,0.42568414808474575,-0.31445417881355936,0.1600190894745763,0.02903430728813559,3,3,3,3,N6H
664,0.612465061851064,0.277564704744681,0.16702342721276595,-0.2054479963404255,4,4,3,3,N6J
674,-0.11282540041071422,-0.5515538769107142,0.3037498604107142,-0.2212764566249999,3,2,3,3,N6K
1550,-0.03135699933333334,-0.45425820866666666,0.09111138299999999,-0.49636945499999996,3,2,4,2,N6L
686,-0.6817849564166667,-0.5709785749166666,-0.2862054551666667,-0.3804223059166667,2,2,2,3,N6M
556,0.022102697999999994,0.08927548433333332,0.5395579976666667,-0.5013113636666667,3,3,5,2,N6N
1047,-0.49076368284615385,-0.9626015763846152,-0.06117543353846158,-0.5112547016153847,2,1,3,2,N6P
499,-0.08312395110344827,-0.29942576568965523,0.7819443357241378,-0.933284107724138,3,3,4,1,N7A
525,-0.3269064663953489,-0.19054013909302328,0.05735038660465118,-0.7487027607441863,3,3,3,2,N7G
485,0.20862705218867927,0.35377756854716974,0.7207604783396228,-0.6035175506981131,3,3,4,2,N7L
385,-0.1183904676875,0.3201976504895835,0.5860563984375001,-0.6934098944999998,3,3,4,2,N7M
544,-0.08598068694444444,-0.14820548001851855,0.3411666559444444,-0.502801659611111,3,3,4,2,N7S
516,0.7075994490833332,0.7570777060833332,0.48272535308333336,-0.6785564404000002,4,4,4,2,N7T
506,0.14215694488,-0.25264681596,0.81504476724,-0.7607559609999999,3,3,4,2,N7V
658,0.035455459,-0.99685545,3.0615837919999995,-1.03396088,4,1,5,2,N7W
567,-0.5321677086666666,-1.090450823,0.8245290593333333,-0.8777101766666666,2,1,5,1,N7X
381,-0.09428478164444445,0.40798741024444446,0.6561053069555557,-0.9082458940000001,3,4,4,2,N8A
638,-0.3203023904081632,0.7973460876938777,0.2983733009387755,-0.30422259836734694,3,4,4,3,N8H
609,-0.4077961829090909,-0.29931157096969696,0.04192878357575755,-0.8137305194848483,2,3,3,2,N8M
702,-0.3699529385294118,-0.4550486725686275,0.10909785115686274,-0.3971206466274509,2,2,3,2,N8N
2803,-0.24866556680000002,-0.5697469404,0.6858135072,-0.40105649720000003,3,2,3,3,N8P
577,-0.5246614137727273,-0.02303632959090909,0.15912933140909089,0.0011744740454545655,2,3,4,3,N8R
571,0.5335994257179487,0.013139859641025625,0.5727165904615384,-0.5889935253846152,4,3,4,2,N8S
541,0.3927021223611113,1.2447843321666663,0.48945029527777784,0.11163641311111107,4,4,4,3,N8T
714,-0.330057152,-0.290811959,0.692719521,-0.814619888,3,3,5,1,N8V
590,0.022299129127659575,0.2866719143191489,-0.021368948489361706,-0.36932673276595734,3,4,3,3,N8W
569,0.7244743754634144,1.1552812605853657,-0.12453196982926827,0.08982774580487805,4,5,3,3,N8X
500,0.8316265989285713,0.9958861153809524,0.009222439523809503,-0.3446928505714286,4,4,3,2,N8Y
601,1.04903342888,1.4266368827066669,0.31579824044000004,0.8183801405866666,4,4,3,4,N9A
680,0.94112900825,1.6175953127812503,0.08789846065624998,1.1598094992499999,4,5,3,4,N9B
530,1.095875164,1.7711479275333337,0.09554465336666665,1.0764626001,4,4,3,4,N9C
705,-0.4874727162972974,-0.376823219945946,0.26993719164864866,-0.05437372816216213,2,3,4,3,N9E
790,-0.5730600137692308,-0.5999447008846154,0.08107098007692308,0.36936014723076926,2,2,3,4,N9G
617,-0.4867965663888889,-0.5427293681111112,0.3382587075555556,-0.21120078227777778,2,2,4,3,N9H
609,-0.6396454456764705,-0.757114292382353,-0.3237312889411764,-0.4394172099411765,2,2,2,3,N9J
1409,-0.8821665959999999,-0.7927772686666666,-0.10205349433333333,-0.14031916533333333,1,2,3,3,N9K
598,-0.35436735428205135,-0.3725016593589744,0.14842596551282058,-0.6799798508205127,2,2,3,2,N9V
698,-0.36117568944444445,-0.19009577925925927,0.35680637081481476,-0.7709212116296297,3,3,4,2,N9Y
525,-0.20931638509523814,0.3945637650476191,1.1579334255238094,-1.0753966378571431,3,4,5,1,P0A
543,-0.22208808163157903,-0.3450790208947369,0.558167490868421,-1.0486755852105265,3,3,4,1,P0B
576,-0.18929186392857142,-0.32697998149999996,1.271663773642857,-1.1624948455000002,3,3,5,1,P0C
621,-0.29394538607142856,0.049846252571428586,0.7569175594999998,-1.089977377,3,4,4,1,P0E
441,-0.2725017203333333,-0.049169342999999976,1.7135252780833332,-1.2373789719166668,3,3,5,1,P0G
618,-0.3553577218965517,0.2393607364137931,0.5745183303965516,-0.9313973710517239,3,4,4,1,P0H
472,-0.14642061625000002,0.37381846636363636,0.56354078175,-0.9648156357272726,3,4,4,1,P0J
510,-0.1790285166,0.5428226025999998,0.7545327808000001,-1.03017501596,3,4,5,1,P0K
509,-0.07226717266666666,0.4471858109696969,0.41999886736363634,-1.0121041188787878,3,4,4,1,P0L
580,-0.22517632781730768,0.06793764172115384,0.2854732330288463,-0.877276977067308,3,3,4,1,P0M
547,-0.19006433881818185,0.03675063881818181,-0.047246784227272735,-0.8960881620454546,3,3,3,1,P0N
491,-0.22470607041379315,0.4189049702758621,1.1160740607586208,-1.0770876502068965,3,4,5,1,P0P
509,-0.2284384843076923,0.41018558376923064,1.2435510520384614,-1.1363943660384614,3,4,5,1,P0R
523,-0.35667443550000005,0.2444103229090909,0.476878658,-1.095816782409091,3,4,4,1,P0S
446,-0.36361563362264165,0.2738854727924529,0.5321772333207548,-1.046607209981132,3,4,4,1,P0T
441,-0.2777983229615385,0.23387907984615383,-0.0923671601923077,-1.030905903730769,3,4,3,1,P0V
407,-0.546192808,0.0319906647142857,0.5517860286428572,-1.0665905774285713,2,3,4,1,P0W
508,-0.2935871457777778,-0.18599064933333337,1.2670457226666667,-1.1517334132222221,3,3,5,1,P0X
456,-0.208126529,0.797348514,1.34958038,-1.459619086,3,5,5,1,P0Y
533,0.2819643198484848,0.3829530059090909,0.4644928821818181,-0.6029762748484849,4,4,4,2,P1A
509,0.5685954256111108,0.5072574369444446,0.216667961763889,-0.6370634539444446,4,4,3,2,P1B
646,-0.6777357985555555,-0.8648906605555555,-0.11255665822222222,-0.5867648491111112,2,2,3,2,P1C
639,-0.08408722941176466,-0.15416848364705885,0.6000468104411765,-0.8963757545588235,3,3,4,1,P1H
598,-0.07739449083870968,-0.19227391158064516,0.45662028693548384,-0.9204396549354842,3,3,4,1,P1L
585,0.08009322407692308,0.18782934261538461,0.9514841262692308,-0.9038004739615386,3,3,5,1,P1P
552,0.08061359948275862,0.10173463793103447,0.9193910693793103,-0.9652251514482757,3,3,4,1,P2A
659,0.16180861312499994,0.7559227555625001,1.0044048483124999,-0.7597278553125001,4,4,4,2,P2B
540,0.6098628658666666,0.7662417264666666,0.4459689733333333,-1.0197632869333333,4,4,4,1,P2N
579,0.28717748253333336,0.27062596255555554,0.33090224788888895,-0.5008296369333333,4,3,4,2,P3A
589,0.866102400666667,0.8283788137407405,0.19366299907407405,-0.5529913166296297,4,4,3,2,P3B
546,1.5675592544838706,1.5223324377419356,0.09267266787096776,-0.43481447812903223,5,5,3,2,P3C
654,0.6510822377796615,-0.12039946674576273,0.2844742571016949,-0.6731096413728815,4,3,3,2,P3E
710,-0.600894899,-0.736231676125,-0.020689887875,-0.797013713625,2,2,3,2,P3G
637,-0.30664362985714283,-0.11666248578571428,-0.4501603254285715,-0.7174321260714286,3,3,2,2,P3L
708,-0.5985743785000001,-0.2797325245714286,-0.15916956042857142,-0.7332687694285713,2,3,3,2,P3N
643,-0.6488183671923076,-0.2672201014230769,-0.2918577451923076,-0.6534601442692308,2,3,3,2,P3P
756,-0.3686308328,-0.5079882907,-0.0506120742,-0.8108181692999998,3,2,3,2,P3Y
574,0.18294410166666664,0.4474882037017542,-0.02359407303508769,-0.7816030741578945,4,4,3,2,P4N
994,-0.33943750675,-0.34025229275,-0.37093207924999994,-0.5604938497499999,2,3,2,2,P4P
716,-0.5672187837777778,-0.4419819426666666,-0.5535316764444445,-0.7006888331111111,2,2,2,2,P4R
597,0.43169149633333337,1.1381363334444445,2.403765703666666,-0.9459369401111112,4,5,5,1,P5A
445,-0.07900352353846155,0.19233721238461537,0.6139309811538461,-0.8903088458461539,3,4,5,1,P5E
467,0.16411816764999998,0.35896660974999994,0.61805239935,-0.9586374044000001,3,4,4,1,P5N
538,0.1610003325,0.1997533529499999,0.49937164100000003,-0.6828641575000003,3,3,4,2,P6A
513,0.3931483153333332,0.3112418843541667,0.9884649131666667,-0.6378202665833334,4,3,4,2,P6B
478,0.022955532522727275,0.5598114567272727,0.3520099526818182,-0.7683949753181818,3,4,4,2,P6C
463,0.3186390209402984,0.21205866822388053,0.4780114579253732,-0.8786020616865671,4,3,4,2,P7A
527,0.4949727636792454,0.43457153679245275,0.3472655262075473,-0.5450810571886792,4,3,4,2,P7B
536,0.20684506799999997,0.573922826195652,0.23168826749999996,-0.6202535945,4,3,3,2,P7C
492,0.5824732381698113,0.49312630415094355,0.43455579135849076,-0.7803530713207549,4,4,4,2,P7E
675,-0.5626582254347826,-0.6121150097391304,0.0739786667826087,-0.6881190890869565,2,2,3,2,P7G
578,-0.7765275843636363,-0.6432858241818182,-0.26179203136363643,-0.6767383324545454,1,2,3,2,P7J
581,-0.6474825650555555,-0.7651895842222224,0.09598118061111112,-0.8343967233333334,2,2,3,1,P7K
514,-0.6532785879999999,-0.0903271925,0.23821997775,-0.9247497785000001,2,3,4,1,P7L
502,0.10625574119999999,0.19315951253333333,0.2901668121333334,-0.8564834855333332,3,4,4,1,P8N
569,0.1521175581111111,0.3905060774444445,-0.9271484513333333,-0.6607740569999999,4,4,1,2,P8T
453,0.06374781176190478,0.11306909676190482,0.24052203914285714,-0.9022548640952381,3,4,4,1,P9A
501,0.028121417129032225,0.06566578519354838,0.14925890922580645,-0.9557349764193549,3,3,3,1,P9N
1242,2.525578192,-1.800800174,-0.830528591,0.638886033,5,1,1,4,M5X
1242,2.525578192,-1.800800174,-0.830528591,0.638886033,5,1,1,4,M5L
1242,2.525578192,-1.800800174,-0.830528591,0.638886033,5,1,1,4,M5K
562,0.707889229,-1.278036824,0.736640777,-0.388075712,4,1,5,3,M7Y
212,0.417577427,-1.673866977,6.927554552,0.421422995,4,1,5,4,M7R
