"PCODE3","instability_DA06","deprivation_DA06","dependency_DA06","ethniccon_DA06","DAPop_2006","instability_q_DA06","deprivation_q_DA06","dependency_q_DA06","Ethniccon_q_DA06"
"K0A","-0.684366231517611758321068882925","-0.710973212993293005737454188671","-0.394744595573274002633249646495","-0.510584519270658379434680980002","69306","1","2","1","1"
"K0B","-0.314725888256227423097345132743","0.029608942811685696140960809102","0.257393271914574907414664981037","-0.724427482208809159608091024020","15820","2","3","2","1"
"K0C","-0.414813957436761136642621404998","-0.158017882681941525345120226308","0.367288557340812874031117397454","-0.671784332918595528168552569543","42420","2","2","2","1"
"K0E","-0.442890119917032850847119129248","-0.165188948235749247281563092900","0.338303191862581393209732716440","-0.647943392144981668182272076690","30043","2","2","2","1"
"K0G","-0.454489627227751553710968775020","-0.465226043252828956613290632506","0.104434463726434490484387510008","-0.616237056745164365492393915132","24980","2","2","2","1"
"K0H","-0.559916774367640111046068477697","-0.258000870658469639202414707765","0.297799366722598830723497667612","-0.681638442028884121650050306412","32799","1","2","2","1"
"K0J","-0.317291800617803375251509054326","0.097743854887940778342052313883","0.718211455453000676540040241449","-0.748978516409213389899396378270","24850","2","3","2","1"
"K0K","-0.437880122287487745762899127168","-0.135154891510264138137222406364","0.457981192130212857063197436747","-0.629725087651808224605016020329","90510","2","2","2","1"
"K0L","-0.301547984048415867188175331295","0.034035075954129645841182466871","0.793978420874289602766564729867","-0.700163654588115845810397553517","49050","2","3","2","1"
"K0M","-0.336258198655599483502775975196","-0.174505773168712017469416204004","0.895749712189928923943086499868","-0.788195665355873410243468647103","41607","2","2","2","1"
"K1B","-0.082660942539604641157637196028","-0.217269415816029249741363933646","-0.488035120152227874210119507700","0.296607822769520951507223972888","16819","2","2","1","2"
"K1C","-0.548443451102719615735313273414","-0.861127589256588744835222091963","-0.648442918663854913716295427902","-0.048912850742395739736615865572","38385","1","1","1","2"
"K1E","-0.627401183108084740169270833333","-0.824331411348738321986979166667","-0.562213228585961616861979166667","-0.279384510589245929330078125000","15360","1","1","1","1"
"K1G","0.325027362832093203592925614922","0.156185832957161389700527606450","0.349055110967121306063758638627","0.867234006501818456680538009958","26914","2","3","2","2"
"K1H","0.101764514158420907713539723984","-0.641037688116132777508392390899","0.740184549586588361879895561358","-0.227113008852477380604252144722","13405","2","2","2","1"
"K1J","0.008169526767302931371767623096","-0.539340655484367839045341834927","0.233462454103602811180481756996","0.230986295052474258835901523202","22584","2","2","2","2"
"K1K","0.891408659643355361548998121478","0.674715717899926086478631809643","0.062053563857517574643863494051","0.429760209310277043386036318096","25552","3","4","2","2"
"K1L","1.693599935167583647715336134454","0.743763197744766235720850840336","-0.032048158487994618185399159664","0.157673793249833951181722689076","15232","4","4","2","2"
"K1M","0.681350409862030901424227876460","-0.936181382071424210433669387102","-0.040086991276836725236037766043","-0.345591273641851185680908945431","6249","3","1","2","1"
"K1N","2.211304390907956973626680310712","0.071638762656345240615842597330","-0.532115789622646503186194706731","0.373117577337879004714637890134","21499","5","3","1","2"
"K1R","2.082371550707992591607087348461","0.052077410360444789940938762823","-0.432131925001892065962076468760","0.825068636166015817234690705626","16085","4","3","1","2"
"K1S","0.641499248092498891914947797301","-0.822057154538839172069433834140","-0.584610962642585459625668449198","-0.058463560546629585514811985400","23562","3","1","1","2"
"K1T","-0.262181782284454136870466321244","-0.239911918658907810184455958549","-0.728659250789950961703626943005","0.763818880006109177645595854922","24125","2","2","1","2"
"K1V","0.309014053722668006940180481905","0.015659280864151333403107265792","-0.317311037499013957928644525072","1.056276454614095410537026700158","42996","2","3","1","2"
"K1W","-1.126429442582269941216931216931","-1.062296408154463786507936507937","-0.689646816036271131216931216931","0.020108666275663270370370370370","3780","1","1","1","2"
"K1Y","0.953181441019698738190282222869","-0.225763738728697020936863543788","-0.560515830159389591096886819901","-0.075657932900633630503345941228","17185","3","2","1","2"
"K1Z","1.101665951272343809320474122064","0.699858270379349772517116984466","-0.370666019372137910181844953250","0.541357231681939192187292939704","13583","3","4","1","2"
"K2A","0.389805652011678572473592937096","-0.578375432497755715923064795838","0.671686965193155272473592937096","-0.049147429819587344001261232855","12686","3","2","2","2"
"K2B","1.060515749316424444335610259054","0.410384957044745515030931821111","0.256050910048642481763113803325","1.185695736525468243278773037763","31036","3","3","2","3"
"K2C","0.600042539271981672173785266458","0.066853834421308904570924764890","0.267946043861892670242946708464","0.530396419531239309869710031348","20416","3","3","2","2"
"K2E","0.327623802543076370393089634452","-0.242930057079551035922633950926","0.139635618345782451884076114171","0.599279512878293149624436654982","15976","2","2","2","2"
"K2G","-0.456213808406121697078221662997","-0.704390946817352970794274929223","-0.205830010239765542133270420468","0.359562919626065579173220090175","38148","2","2","1","2"
"K2H","-0.045394954439968142851112330618","-0.660835051507618168145552788214","0.234844590429279112959601502807","-0.000464863210182248292878551226","23689","2","2","2","2"
"K2J","-0.861991224695475255806182121972","-1.021734207824550174436090225564","-0.832507877268077434500696184907","0.390044151826068333868003341688","35910","1","1","1","2"
"K2K","-0.701138213547460686088914717420","-1.022600846347206826819700711899","-0.426519589065878762240302193811","0.466988643064017699476972250472","13766","1","1","1","2"
"K2L","-0.518898907215051330027307482250","-0.733950357879346686182413981431","-0.693131519715852599290005461496","-0.005787328018159278836701256144","18310","2","2","1","2"
"K2M","-0.985193941085780944446183544634","-1.167118587567790853915584076799","-0.580561345219479276725622163093","0.505308617014792532597693953149","19167","1","1","1","2"
"K2P","2.959042134114662605905942398833","-0.648333894627768980969741159315","-0.505397087869987217790740065622","0.119544349526351747845424717463","13715","5","2","1","2"
"K2R","-0.809135427103820000000000000000","-1.293802595989600000000000000000","-0.651318191371832000000000000000","-0.188889018607034000000000000000","554","1","1","1","1"
"K2S","-0.988322148824814272279869552327","-1.034457957762372867417729024607","-0.116053665986438238962348058109","-0.212679503226084828818855618144","16865","1","1","1","1"
"K2W","-1.382277783487760000000000000000","-0.465756143792000000000000000000","-0.736341290324531000000000000000","-0.174391303507174000000000000000","448","1","2","1","1"
"K4A","-0.877397230155616282336460500064","-0.930220786887728505386933820096","-1.119417929392183957609203209237","0.199989877931233789217642314386","23557","1","1","1","2"
"K4B","-0.713767079991209334320778671181","-0.960131542502321155734236140499","-0.683279935936596096064325010580","-0.509357370324190706728734659331","2363","1","1","1","1"
"K4C","-0.663557869241292027729636048527","-0.861647244204213812824956672444","-0.388001819303198999306759098787","-0.505121581336142101559792027730","2885","1","1","1","1"
"K4K","-0.516692934819398159289275677636","-0.445582086026960548345571571027","-0.451403011282703063864563502856","-0.381571178547457431610914694951","11031","2","2","1","1"
"K4M","-0.812598275045001838269863657734","-1.071787611490476419370004701457","-0.100332291716485029149036201222","-0.448135709800889042626547563078","6381","1","1","1","1"
"K4P","-0.968894487957875682102810543178","-1.168895902210290167758846657929","-0.479698729921039589515072083879","-0.303968839756181191903305664774","6867","1","1","1","1"
"K4R","-0.845709271745782118279569892473","-0.811624242120745831664812754913","-0.674873409325218458769002595476","-0.386287148121553712476826103077","5394","1","1","1","1"
"K6A","0.567250780742546297006934082331","0.795213227520670322540156236285","0.766977472969110631177038532432","-0.362432655924846042306679540068","11393","3","4","2","1"
"K6H","0.296582106198530302220977976857","0.640565525747038193620754012691","0.528418818222198548574094811497","-0.145556510521056157696901829041","26790","2","4","2","1"
"K6J","0.286088279061182577158027726559","0.706110381822561242873728061190","0.742347378014868517243734207471","-0.202089282484978300484873318309","14643","2","4","2","1"
"K6K","-0.540958212222078460941290635614","-0.279653568375719192624939349830","0.126199677189378877147016011645","-0.316388840415488475633187772926","2061","1","2","2","1"
"K6V","0.392852217441601376703749805508","0.111073683788795046989264042321","0.678439911247336953664229033764","-0.440825489937748161770655049012","25708","3","3","2","1"
"K7A","0.117358900786154300990412804057","0.422741963682770336288725140639","0.309663637563200506489184692180","-0.487840201350496109579272640837","12621","2","3","2","1"
"K7C","-0.182313132552739426931513526688","-0.202546451697944201779185961492","-0.113620907040370374725810382647","-0.386898756757580739865139328946","12309","2","2","1","1"
"K7G","0.094122449153305594947760125948","-0.147805624552240131673107199084","0.518781999023648062258480034350","-0.636477716379978592314297981967","6987","2","2","2","1"
"K7H","0.235562659617357931411349937450","-0.236444893196231102922779483680","1.007786627517516311170249061754","-0.609380827221770367542363243489","8793","2","2","2","1"
"K7K","0.790131935778997788157997653500","1.016985348464781315987993742667","-0.128315824123028663787250684396","0.005222819412561338058662495111","25570","3","4","1","2"
"K7L","1.076031637040608300090077001308","-0.597433285205911143447624582304","0.219578861981840987796019177684","-0.316717737755716919758826093273","13766","3","2","2","1"
"K7M","0.213295213201374205408150212435","-0.454071995497071131700854310384","0.335782022032303050195303577139","-0.180171363430900447121842021106","43778","2","2","2","1"
"K7N","-0.316293335123488796910258635654","-0.376616870898616035931261933692","-0.303674330616716745877451831279","-0.359293793213619327547300815831","5761","2","2","1","1"
"K7P","-0.485571073849255020088057237204","-0.809379844564775475509080902587","-0.412430510351401521739130434783","0.009054393584953589371216290589","14536","2","1","1","2"
"K7R","0.028154419402466777380847889055","-0.056745679451201968015448082156","0.752959556505883617730185201439","-0.556724890782634331493022031072","11393","2","3","2","1"
"K7S","0.202399478659149558743923994697","0.022495365266473848431285903668","0.422174570412017713113124171454","-0.487702922360010754054352629253","9052","2","3","2","1"
"K7V","0.336908675767437741775235674187","0.129261681797508649571020019066","0.711133277832372590880203368287","-0.673422878096948557885817180383","9441","3","3","2","1"
"K8A","0.022036751727146459477876106195","0.226385948959263385020796460177","0.625938935577248990539823008850","-0.569637459428694154734513274336","22600","2","3","2","1"
"K8H","-0.231694401076205119825708061002","-0.501116027122051659618095604255","-0.798733579547653618774830193515","-0.210531122187582028901704472639","7803","2","2","1","1"
"K8N","0.129219702118051664220973443306","-0.101754455543671141602465331279","0.439121251504327396537659748029","-0.429741274014482890106951871658","22066","2","2","2","1"
"K8P","0.604647869638121931106946100983","0.312968544779206361566422445618","0.229643391792812598432441642529","-0.158808341683826439825069574601","17607","3","3","2","1"
"K8R","-0.914423464364618000000000000000","-1.016169960559890000000000000000","-0.111496104643537000000000000000","-0.750646111383575000000000000000","662","1","1","1","1"
"K8V","0.121481673706976248234349919743","0.229821859450413860237203495630","0.263138005326585905185482432673","-0.314645992326689877791153914749","22428","2","3","2","1"
"K9A","-0.016434396143531001949705923216","-0.225273701345737263557634418562","0.818853782076240651981660723383","-0.512552693032076356152456814708","21593","2","2","2","1"
"K9H","0.686338449605790382448286508182","0.301318708047985234922595157235","0.596007585594704754024610770520","-0.409650765362889284157367794293","22673","3","3","2","1"
"K9J","0.284018173147639625364927851740","0.355145721840520770959278796506","0.348680143600155911477294928689","-0.352437769511651380013676072455","35829","2","3","2","1"
"K9K","-0.468151441100665503721707428224","-0.442935154000727483548534102993","-0.178030047594996487467719884551","-0.228290251026751588485492936351","6583","2","2","1","1"
"K9L","-0.721315581519745883383889450624","-0.517727400441457100438153016515","-0.075944559701493020694304010785","-0.396014986172141594438827098079","2967","1","2","1","1"
"K9V","0.231662428861545595821378991208","0.147124080227980758061082832022","0.868591306344183480648310967145","-0.403777093424092983933364183248","21610","2","3","2","1"
"L0A","-0.749703541271107839829319616554","-0.402820718162026899462239887772","-0.237719458869614882756605097031","-0.532830494062897723871872808043","8554","1","2","1","1"
"L0B","-0.791296979966571013048196039425","-0.418321019843597529794737318022","-0.263063363474712159327244778009","-0.530676940094875627181481146577","11059","1","2","1","1"
"L0C","-0.687532544837645123384061528391","-0.330416269809295942037637047946","-0.298006448216850914825724104075","-0.562665222853211472263132056946","6111","1","2","1","1"
"L0E","-0.321803309997197718322516225662","-0.031547711160494297360209685472","0.144231357015290352096854717923","-0.543130444811356414229281078382","16024","2","3","2","1"
"L0G","-0.792498846096601146529963898917","-0.739230723189570834847653429603","-0.354816122505834894212274368231","-0.411859790276055965400722021661","34625","1","2","1","1"
"L0H","-1.132920423840565844812554489974","-0.628510758928874103748910200523","-0.553257473438812857367044463819","-0.021325823500495629555361813426","1147","1","2","1","2"
"L0J","-1.120641689822892719970792259949","-0.696402564446763067177802117561","-0.339730644528737891931361810880","-0.304877833970724480115370573202","2739","1","2","1","1"
"L0K","-0.373078927319193833729863692689","-0.201773904164073234361833952912","0.510914797091518909793473771169","-0.668282662305222377141676992978","24210","2","2","2","1"
"L0L","-0.705974810328888276058890867464","-0.553940142066404391582930552022","-0.192815174826711695087127957263","-0.507317182581251592237980157721","31448","1","2","1","1"
"L0M","-0.632532117401232749643049672699","-0.258576213826621553923912206392","-0.390105043993164850635348479014","-0.367907307325666777050442818637","25970","1","2","1","1"
"L0N","-0.472410195353548707281700070501","-0.301990127671917630838956591802","-0.254393414463103018803504884681","-0.404704202961419262916708631282","9929","2","2","1","1"
"L0P","-0.836339111573588414402173913043","-1.012617448409163628027950310559","-0.523556406012968773291925465839","-0.604440127475370058423913043478","5152","1","1","1","1"
"L0R","-0.724404623518327747143529126140","-0.634831760149674121141677920580","-0.042957835601431039913964462923","-0.361518579981504679865863466003","65903","1","2","2","1"
"L0S","-0.389814812570689868789634062646","-0.572903156667714177802179701869","0.578734607082738144875778955171","-0.547777499926432102841299036429","36427","2","2","2","1"
"L1A","-0.020983524393085572355989027735","-0.179818493663288066443157573910","0.390961903931953272337701920146","-0.532630258828395634821700701006","13124","2","2","2","1"
"L1B","-0.774812584064990638475836431227","-0.392772112244044468122676579926","0.277731914406662841751858736059","-0.274386565315590712592936802974","8608","1","2","2","1"
"L1C","-0.581213877799280996044348629504","-0.435241849707294191346473668001","-0.485862989141505935297197412997","-0.161924074868206441241145672929","32470","1","2","1","1"
"L1E","-0.898116314167832693429649397258","-0.678346589447896222062206680777","-0.673913298738261696926474648017","-0.027845303022336617727201619582","21734","1","2","1","2"
"L1G","0.332654855723513042557511956609","0.050504820688323647762845004943","0.289055009288581681576134875892","-0.174124777859157538773078259011","37427","2","3","2","1"
"L1H","0.074975047202940810840579710145","0.466824461500331644802831142568","-0.049638431355379338078867542973","-0.358408862116817286545331985170","29670","2","3","2","1"
"L1J","0.010628098772788493061499254700","0.444346122011789226436505265182","-0.315860650202556384419387411646","-0.032188144235248566168678174737","41594","2","3","1","2"
"L1K","-0.799627576562185005520332313074","-0.583468673093105864068648885002","-0.766171396159068629536510712724","0.092625482715267467479230432882","18296","1","2","1","2"
"L1L","-0.214443753486242972413793103448","-1.376677402480048396551724137931","-0.421428789788331775862068965517","-0.044573662446880470172413793103","1160","2","1","1","2"
"L1M","-0.921928213264004515161395500489","-1.348422447708678225953700684708","-0.703913795352707828293120313009","0.111942732380884970736876426475","12268","1","1","1","2"
"L1N","-0.304392123120084543763671214342","-0.497369602352388582519517420228","-0.251502773345002165159544480776","-0.076882919822475749255158416958","44345","2","2","1","2"
"L1P","-0.753637926425165816494217894096","-0.696695085749568265976871576385","-0.974030309959542117954960438223","0.712537572510799468691418137553","16430","1","2","1","2"
"L1R","-0.963731423126428802007990272711","-0.727111727120077715205836373111","-0.827927652580162352162584679521","0.549311062837629509032482195588","28785","1","2","1","2"
"L1S","-0.358113520526118203324249210761","-0.311520402497415655535468551847","-0.356940586599706600751193977497","0.286738019906900587315506867057","37061","2","2","1","2"
"L1T","-1.081427568758503246039011703511","-0.616586710321309735906371911573","-0.906799597334548241864759427828","1.344074485754592459602080624187","38450","1","2","1","3"
"L1V","-0.707601346157093106303318532859","-0.530666933214278069455609099135","-0.537125292492130022996149070937","0.623054063976292666934407945961","47521","1","2","1","2"
"L1W","-0.411595769557309080210803689065","-0.324074414257924688392621870883","-0.186397151708266754571805006588","-0.072282299089333843221343873518","15180","2","2","1","2"
"L1X","-1.111585294264110195255734435105","-0.551548735603361145597663484827","-0.750096127522304191879185069098","1.028291500406011898306026499501","14038","1","2","1","2"
"L1Y","-0.770952642803047795180722891566","-0.940816569649229373493975903614","-0.478010377520409990732159406858","-0.171643881236794440037071362373","1079","1","1","1","1"
"L1Z","-0.960608705005974166889185580774","-0.765045570629602493591455273698","-1.044693690405392363017356475300","1.403720051961573512950600801068","7490","1","1","1","3"
"L2A","0.057569312847812866088143525741","0.171671041865438598732449297972","0.364624343113643317817212688508","-0.170320192875795137285491419657","15384","2","3","2","1"
"L2E","0.515200591243325617448521153126","0.561702310300748734818420067390","0.276712143459479932422313740172","-0.317700487589384780107325595907","16026","3","3","2","1"
"L2G","0.239066963801170003871576959396","0.371744369513715106034852777062","0.237643834535186330667868486565","-0.151917031841433142080006867542","23298","2","3","2","1"
"L2H","-0.605767002674743902687984360818","-0.454486187519128823989387698108","-0.231985884075495797982266284996","0.023499256589185438567339244572","14323","1","2","1","2"
"L2J","-0.217355814389415547607336097252","-0.300974229062321752343475511208","0.542023861235801569095636286979","-0.375626049104379869136392382826","14231","2","2","2","1"
"L2M","0.148876807786053152369699356702","0.180162778424277631370618353683","0.515717485560809225766706052252","0.030485416590908353685834317973","30468","2","3","2","2"
"L2N","0.100335787579811360363387468110","-0.465625816008913294234957376641","0.779264963909467097746251011138","-0.451439627398504843600273785079","32142","2","2","2","1"
"L2P","0.182083422021645561671744097487","0.256209407373062771982102056359","-0.049440746446511721119573495811","-0.090465832138478519192688499619","10504","2","3","2","1"
"L2R","0.801499089223694836713775430968","0.363585846068192850965470828804","-0.079300245892861587555003364912","-0.028499045607546884127970181705","19317","3","3","1","2"
"L2S","-0.293112576764642736135499934478","0.150301130549857748938540165116","-0.129047834704036942720482243481","0.159800942734924180874066308479","15262","2","3","1","2"
"L2T","0.217892261637447166681599283234","-0.276070696417892720674207638033","1.036732120955634368798297681711","-0.275787152641318532624034046366","8929","2","2","3","1"
"L2V","-0.144832133579840685723845639081","0.017080880929688663484273923712","0.188135583832645142754108112127","-0.468915589558609089556100825340","13449","2","3","2","1"
"L2W","-0.741333685858389909169363538296","0.148966078196859267529665587918","-1.050711826939623166127292340885","1.044153182523993475728155339806","1854","1","3","1","2"
"L3B","0.342124560384846437752001884126","0.768582733628085275624116815827","0.429032238206494451305934997645","-0.369709015859506454570183702308","16984","3","4","2","1"
"L3C","-0.155658191861104152005476208096","-0.106713900320837996181454895286","0.263850693429191192866128912899","-0.410035695889220507836897802116","27026","2","2","2","1"
"L3K","0.089313339236255061265260821310","0.404511928093603066844247132815","0.801413899256321822641509433962","-0.613435098598415434603526945369","16218","2","3","2","1"
"L3M","-0.455924283524249599349840918523","-0.797569069911776094651173514087","0.144189469500944411643380827224","-0.437852792654085745746299626504","21687","2","1","2","1"
"L3P","-0.750245258990674973255751738898","-0.679170712200485796948635634029","-0.291270305714948538413590155163","0.632054604724258482737292669877","37380","1","2","1","2"
"L3R","-0.955198862994130091323844804055","-0.406197345655417303281341392084","-0.112851601861261238815363618639","1.747560988527144570118931565607","51290","1","2","1","3"
"L3S","-1.273799806172866278498157913747","-0.138130400728507237224662284187","-0.418501738171519429841797298273","2.796252792122014263165498808062","55372","1","2","1","4"
"L3T","-0.275861610139264988140610093202","-0.595996333491703979063333251792","-0.049128170037771080396291494410","1.054491362911106220425646419922","40879","2","2","2","2"
"L3V","0.115126352580343450726558407543","0.008636472636785187731796752226","0.320261179149943164948140387638","-0.405639543752952437595599790466","38180","2","3","2","1"
"L3X","-0.972989855899627968076802997190","-0.853258517825995330471433031533","-0.885764157270001234256946612551","0.614852685104814213772244770528","25624","1","1","1","2"
"L3Y","-0.165429144712122779571907902349","-0.476465643298669855499247946315","-0.389309623034708549976859886613","-0.107023584071936076188684484554","43215","2","2","1","1"
"L3Z","-0.710262840989524266740121199980","-0.543576886763352219081484449341","-0.591121582981492354479891821505","-0.141015793868902873431161416337","19967","1","2","1","1"
"L4A","-0.469466410714443138693467336683","-0.867385575627438167818257956449","0.061860125051894052266541038526","-0.332545612003567200638609715243","19104","2","1","2","1"
"L4B","-0.881451693666824494718093600295","-0.612373953461040294300454489620","-0.351539756900883104736825942759","1.954214626167806782551283626090","32564","1","2","1","3"
"L4C","-0.297690585457904168602473339905","-0.487196903809763989203034919497","-0.236803760380095804206619470084","0.943203104403473384422140574126","66954","2","2","1","2"
"L4E","-0.789707522210789396644507755619","-1.130677318787721715722274981534","-0.775161752397208152157855861560","0.994076498475806950786113749077","28431","1","1","1","2"
"L4G","-0.640548733229229763975761310533","-0.743632584531694693190571560622","-0.583992551371620755718173881785","0.110245681472723364310070353823","38946","1","2","1","2"
"L4H","-1.128044826298176732330215534770","-0.733297377216985594591297275315","-0.655743663996747028385522570150","1.158060877460254345858072387149","24590","1","2","1","3"
"L4J","-0.722618460097179285179705555859","-0.671919320447134140084802824334","-0.318822087003919651544102928063","0.729957737772037698475368965078","54951","1","2","1","2"
"L4K","-0.907259923464040327996084463711","-0.523339722940190434191022234652","-0.631880620518021781499091036219","1.304403011171422020976087260523","14302","1","2","1","3"
"L4L","-0.928840578806987224546240276577","-0.234665776926016341301065975223","0.126153641856110878271391529818","0.068006280648633828318448093729","52065","1","2","2","2"
"L4M","0.104978109533520073950670333448","-0.226638504966634080425690386158","-0.337939154208796600096253007906","-0.044435547267097907651827661281","34908","2","2","1","2"
"L4N","-0.410023500363751644551103106709","-0.508566607488602238067537145430","-0.498577833053191606790859972985","0.097867083521483610132260243134","88840","2","2","1","2"
"L4P","-0.560970472714058423087409783480","-0.142393704356452489903769045710","-0.646789536836319774218123496391","-0.087617487801518912778668805132","24940","1","2","1","1"
"L4R","0.251000072345633796801284426331","0.440286865131325636359145362480","0.479615782179868530270470544646","-0.426019104283025884574533777942","16194","2","3","2","1"
"L4S","-1.072165619979608141187956664147","-0.739298213400568534832451499118","-0.519755674668797315192743764172","2.076048200142308161533131771227","31752","1","2","1","3"
"L4T","-0.472616123572818990677712888768","0.306337540693581268819774548418","-0.302375929144519290174113812305","3.094736091972846091321472225995","36815","2","3","1","4"
"L4W","-0.291728639635473072746781115880","-0.473308328439973511451009040270","-0.048685358829202553100173500137","0.722990014054447255857912519405","21902","2","2","2","2"
"L4X","0.136672728889365017965715469470","0.297713272409190520793412398363","-0.246704994505010133072660417422","2.390059548824829451602879486250","19309","2","3","1","4"
"L4Y","0.088127041004346347618002195390","-0.009630860728419432869374313941","0.172315914151260921646542261251","1.180376230997154489159165751921","22775","2","3","2","3"
"L4Z","-0.438602783386306990462905894184","-0.371740112313898826480033736659","-0.650290443106444809014824666688","2.044223764803176494907061991112","30827","2","2","1","3"
"L5A","0.408925818711153049989235737352","-0.063026679849980129825618945102","-0.300812124891452842062432723358","2.064571447322511055065662002153","46450","3","3","1","3"
"L5B","0.215095857259866548257157000248","-0.385025594787497572741522976652","-0.411857253308261897918901080769","2.409204371980844343206418612326","48484","2","2","1","4"
"L5C","-0.482887113114964549978333092590","-0.273614759907641037481944243825","-0.374135800792124487299581106457","1.609344364850009853510039000433","27692","2","2","1","3"
"L5E","0.128756625617313854942368145302","-0.239192464587395295406915822564","0.101775248496771298987076493189","-0.022367855604197444717079986029","11452","2","2","2","2"
"L5G","0.345328680643565026869925087747","-0.401488505189429775177798732254","-0.236612341809079152464770286552","0.169724936548918878611666404736","19089","3","2","1","2"
"L5H","-0.564926202567795050926224746660","-0.915839698103441123449299683728","-0.419892490918293671160524107662","0.305583775217896987009617246498","15493","1","1","1","2"
"L5J","-0.238338722030974972674439591380","-0.463666809435152683767101035989","-0.227140636623629236340107569577","0.528348290904677120806410858030","27703","2","2","1","2"
"L5K","-0.290986530326519873569277108434","-0.138749885940794341596385542169","-0.330660841905997981536144578313","1.796517077121106382981927710843","13280","2","2","1","3"
"L5L","-0.529913521231830463450817568986","-0.398096596977927204599846049777","-0.591833332872792013125422779968","1.163704440188336655209815492991","42871","2","2","1","3"
"L5M","-0.865458979061366002543704331779","-0.803795601860853294024788648096","-0.666626775360671542507543829023","2.005199391707989516347041073343","80198","1","1","1","3"
"L5N","-0.769387201684752177174044875682","-0.752240819008173814516919345058","-0.884090139729776842595512431777","1.318550460856388620594299575500","82450","1","2","1","3"
"L5R","-0.497254335334054146206771682057","-0.387008911842623387724063009234","-0.510682625016383841734564548253","2.161002987850098347456092703241","33138","2","2","1","3"
"L5V","-1.121991750085031057809563104571","-0.469597053890497076970613854124","-0.694169201352676459874845275753","2.558407952360789738435795168019","43626","1","2","1","4"
"L5W","-1.064755680500201676922192190465","-0.977298646203300744148599689459","-0.839076748224481300304790384726","2.368466354198624928748059117833","17389","1","1","1","4"
"L6A","-1.250173092913588008143889013935","-0.504179242372314594831290540402","-0.488308966713071477437539645188","0.989142071086892968875202062573","48871","1","2","1","2"
"L6B","-0.265676340637602751464435146444","-1.222311870551487280334728033473","-0.907112568458889878661087866109","2.295332277174946736401673640167","1195","2","1","1","3"
"L6C","-1.040313339268810673810020565706","-0.793502347183298714375130398498","-0.489646630446921437465351256296","2.061611613313036696968793776639","33551","1","1","1","3"
"L6E","-0.726316594629932643526262964202","-1.054946857741921509668785547006","-0.481546743613491443682390989183","2.318143459971219763945578231293","17934","1","1","1","4"
"L6H","-0.713206409417041248552326324827","-0.879544728020570649107611932119","-0.602922991823455055815355387903","0.547756671687122951378258407468","54743","1","1","1","2"
"L6J","-0.707922355931107989834815756036","-0.982268433488771125158831003812","-0.026767474134245402803367217281","0.102206989671375083219504447268","25184","1","1","2","2"
"L6K","0.726206143595514104768534632788","-0.096329372806541684998259658893","0.396976935128937115429864253394","0.342436627720236384093282283328","11492","3","2","2","2"
"L6L","-0.276677148739189814907727797001","-0.855673754428736730758774097874","0.486894082693875922042346350305","-0.278747739314272721008403361345","24276","2","1","2","1"
"L6M","-0.768039470368550297158310439560","-1.109754789455255781712311126374","-0.821263409714033682520604395604","0.801303326313235984171102335165","46592","1","1","1","2"
"L6P","-1.194009918464040503435043634338","-0.573643739423826160394875286254","-0.698046715558532230395494213035","2.609142956329381902144581296033","32314","1","2","1","4"
"L6R","-1.414810355233187997527812113721","-0.420869932619252269527597140861","-0.617515554866070539040862757744","2.843811796826850926425538775730","55821","1","2","1","4"
"L6S","-0.623708276113864563764361813244","-0.301671098565997518141842490077","-0.604193689557067633265092960100","1.118603703352928653283893879256","47870","1","2","1","3"
"L6T","-0.113349612779516658486578557234","0.122850215664467209471343405987","-0.345136351094679489556824275305","2.042210709546286112680503422389","31703","2","3","1","3"
"L6V","-0.385951674099381537904717853839","0.082209647276170094315448658649","-0.712830586999183110181544865865","1.458553699338811859360545790934","34592","2","3","1","3"
"L6W","-0.277507848900932388152414254127","-0.011295572840504985631716974341","-0.169333752068485115359695582866","1.001418695918836793222605029053","19447","2","3","1","2"
"L6X","-0.736169803906798998951513783330","-0.269280020974069006546768003612","-0.732698897563680276136152707753","1.578231832985424799325256477789","39867","1","2","1","3"
"L6Y","-0.614848113214364599550090906289","-0.102370150036893472241225231888","-0.406872148032801988279251795014","2.566436181745133873497735046686","64902","1","2","1","4"
"L6Z","-0.994763736559261164023399415015","-0.460820534950709899736756581085","-0.751512360472049912057198570036","0.996454420386922713097172570686","30770","1","2","1","2"
"L7A","-1.000848949699792013426908862153","-0.844762456050842779468428088386","-1.007379092835494288924274593064","2.173188910603089368463474089801","50868","1","1","1","3"
"L7B","-0.815631572915329534356620284034","-0.835048605613358545115478410558","-0.086956081692209874451298235547","-0.354036114889889425749533782815","6971","1","1","1","1"
"L7C","-0.833196759218728733676092544987","-0.713823959809435628644876973926","-0.379052952366353269342636797650","-0.259138838219677531231729709879","13615","1","2","1","1"
"L7E","-1.011333417612453372453563577277","-0.812231733585824097361327938318","-0.586225353582611981055851148565","-0.069338645402744443658202440501","31387","1","1","1","2"
"L7G","-0.708456262484900204901577369313","-0.854625386828411607120323295529","-0.509890389972698907905097119020","-0.174295501641739553330726111328","38355","1","1","1","1"
"L7J","-0.482456111676768862199965463650","-0.744883536090464213883612502159","-0.419409371296551139336902089449","-0.359247534273279276523916422034","11582","2","2","1","1"
"L7K","-0.818129964869904691039307128581","-0.782424858251503403897401732179","-0.395078229417395748967355096602","-0.416875890379724658777481678881","6004","1","1","1","1"
"L7L","-0.409014991751680650892082620214","-1.042752504431166716502942348721","-0.020370850795057465209950062129","0.011075153771547451210934752538","42653","2","1","2","2"
"L7M","-0.690943746229963061656245234101","-1.009833032626547383114229068171","-0.646808855436504540683239286259","0.119713283566236013951502211377","32785","1","1","1","2"
"L7N","0.026548166998887917536615768152","-0.692896644364799814973511997507","0.766863393179519627656590838267","-0.441569360528784280772826425678","12836","2","2","2","1"
"L7P","-0.556874358994183732917322834646","-0.685150319628638764834645669291","-0.193041430137253808838582677165","-0.213282934496819756582677165354","25400","1","2","1","1"
"L7R","0.700373187210555294575318781068","-0.320300321252469426137886319429","0.438279450967038142042360060514","-0.215624336481076673258410777322","13881","3","2","2","1"
"L7S","0.951162717999888819922924208805","-0.414561788725869566670559383394","0.410432823700227195842578535560","0.077139213736914091206352913698","8563","3","2","2","2"
"L7T","-0.000371381674642718156781084167","-0.680495671967555686283334452878","0.151502381114321909954994290320","-0.284448798818779348102371196346","14887","2","2","2","1"
"L8E","-0.282239514730712925556206088993","0.073750701603383222268735362998","-0.047680391757590101396955503513","0.501748544405246533258196721311","34160","2","3","2","2"
"L8G","-0.004062441670128593415325437797","-0.019730921746642324288895637210","0.818050561505728741222188480615","-0.419612141649455083181496102844","19758","2","3","2","1"
"L8H","0.201493557100296783731083115443","1.347955815897332256144521036368","-0.027863322286115682767609539656","0.044913931022087531693209729815","25242","2","5","2","2"
"L8J","-0.886895624450723822268288691288","-0.523392988195808322731984070700","-0.646037008072011783934318913316","0.117084228083831683296055861655","18331","1","2","1","2"
"L8K","0.209080190297066398543704688638","0.465999834347797030547060499573","0.369291980044373976414664260614","0.063816865281367736530218127711","31587","2","3","2","2"
"L8L","0.352206389682050874955436101959","1.936429514392886038182764002081","-0.173209875599638583776660308653","0.527533386151154086141841512051","28835","3","5","1","2"
"L8M","1.131762124823176727376623376623","0.950530551671071982857142857143","-0.096294155771624043324675324675","-0.077084658504620463113038961039","9625","3","4","1","2"
"L8N","2.145990639073298508583690987124","1.233760376041494851454458750596","0.212801262116273462780162136385","1.052367875597917041010968049595","8388","5","4","2","2"
"L8P","1.848885260254536704575630681238","-0.019785618607308871648452660607","0.060627756270255822030436114799","0.163040173322452132729036870595","19582","4","3","2","2"
"L8R","1.286301572744263138059701492537","1.555262512200579508978914949064","0.227966933198172281473584458659","1.714721234269622853103529969202","8442","4","5","2","3"
"L8S","0.945456505832929015479331574318","-0.133238698337686261878086732968","-0.035594831211918074541641296259","0.475182323161460664988837020499","14781","3","2","2","2"
"L8T","-0.062176998294405068114909781576","0.195017061039707315900997150997","0.535641857044872990740740740741","-0.159453271330655224199311490978","16848","2","3","2","1"
"L8V","0.357858922010723956846451876020","0.377805792297319504047716150082","0.638490406994553348496125611746","0.005368969523717971523246329527","19616","3","3","2","2"
"L8W","-0.819514659556851635842152111562","0.091199587607944033072890910889","-0.587018399554651173959054495104","0.441131522908036278078330531105","20222","1","3","1","2"
"L9A","0.048252386972946806001785714286","0.223461281219662637964285714286","0.446586944943267339799375000000","0.140038863528659320517857142857","22400","2","3","2","2"
"L9B","-0.841588917459037411707671797358","-0.391674150769733171312568173555","-0.378874245008109648678948006302","0.470263996372518155605381165919","16502","1","2","1","2"
"L9C","-0.303107466400719199063478216247","-0.012961171757933164374967927336","0.278753390322130459642325652999","0.333645449350220165292246112793","38974","2","3","2","2"
"L9G","-0.734502599723367025438406581511","-1.053899377243260857166053258281","-0.074498536890484615804286642130","-0.251721536454073235061701667027","18476","1","1","1","1"
"L9H","-0.285108329657184259403811814438","-0.624009311861602038624685689297","0.101965459888780597043839510222","-0.352324980847660485142669727780","27441","2","2","2","1"
"L9K","-1.272150077488977640389725420726","-1.004303144142275102214348981399","-0.349061781306040773069973427812","0.648869051691955711426040744021","5645","1","1","1","2"
"L9L","-0.328381811349026874270798806762","-0.557975647985993395508783559828","0.210024670558309894569108385814","-0.501664191466283315768975803779","12068","2","2","2","1"
"L9M","-0.102797208705839143249519538757","-0.054479927631727032847533632287","0.408706080034202070868033311980","-0.554347491247962761939461883408","12488","2","3","2","1"
"L9N","-0.822813735602371730500550055006","-0.629314734737309603437843784378","-0.613443385434516888833883388339","-0.372296945996447420379537953795","7272","1","2","1","1"
"L9P","-0.470713862047930430356032338308","-0.718579345664543164567786069652","-0.163523612678043123165422885572","-0.315286162969980251321517412935","12864","2","2","1","1"
"L9R","-0.183694020133339894340220058577","-0.452821848060462192392939127681","0.386633571833076028813425156337","-0.342040234261397930111612443600","12633","2","2","2","1"
"L9S","-0.630011174589540651988343420758","-0.306633468502029766231786594934","0.179060333542623635763281775387","-0.358105880788636987146379735485","22305","1","2","2","1"
"L9T","-0.465122004299015089473020145519","-1.187449418699815291477057660765","-0.705966439222318883902931404298","0.356374710773424791355091054380","47554","2","1","1","2"
"L9W","-0.533878418720767089490019474197","-0.507724570796959718202288218111","-0.499527959523939368275316455696","-0.138774900833561194516796494645","32864","2","2","1","1"
"L9Y","0.231969676989129501453017111978","-0.003957214409092893749624737316","0.458801284754097750663464425098","-0.455608530082068282990093065146","16655","2","3","2","1"
"L9Z","-0.272430573141077607465566571295","-0.184918910095377466528711158427","1.225533619822292931931598908776","-0.550513382386999144946436888682","15029","2","2","3","1"
"M1B","-0.473343347795066341289246535300","0.264051960696134116733862925135","-0.546392996613611777236149798824","2.570784256047466156676639499295","58158","2","3","1","4"
"M1C","-0.877505665433273106148659495906","-0.560301298969556436647937068550","-0.293790893105790352422539733505","0.739085441317150634288007705892","31145","1","2","1","2"
"M1E","0.130515933126679152484959455925","0.512720060832194114750632138809","-0.043108573281410314063998604935","1.593095344098705457426541110820","45876","2","3","2","3"
"M1G","-0.148594582042408630787570531670","0.702136291884890727839148056902","0.180090140158278324336167845506","2.160310076750283660176428514663","25166","2","4","2","3"
"M1H","-0.279531456694920464807792887029","0.324893418321691394449529288703","0.012798157525141953844142259414","2.635107340124182542952405857741","15296","2","3","2","4"
"M1J","0.359205959646167525693281485056","1.155978484096216050997700888422","-0.187821945761465930881893786722","2.813358125094305312480485935682","35231","3","4","1","4"
"M1K","0.341464253866903876938536000343","0.799343796174778391822932282520","-0.100004602073296109380005996488","2.177192862275897693707971045530","46694","3","4","1","3"
"M1L","0.444613101426798917672452339336","0.861015251395684379204097394415","-0.144808660421045545892443396610","2.662631977327299899264257550506","24601","3","4","1","4"
"M1M","0.200455396664446580852979238170","0.392190956564733266179035615822","0.252560010164220595009283745006","0.677596511853089722050301018399","17773","2","3","2","2"
"M1N","0.241535068421057086251816223258","-0.002968922863389603602384889022","-0.144003665430851281872839320607","0.215847957314964649045543363896","19959","2","3","1","2"
"M1P","0.089352105053904769829335925217","0.446931492195658011060289871645","0.230988954582779198090391927046","2.311166240828765718761613447300","34981","2","3","2","4"
"M1R","0.086042224885747180552988293284","0.398038873799895047820394331485","0.330793741664160495005391250770","1.306154982522010524141250770179","25968","2","3","2","3"
"M1S","-0.374712488742590144517990495587","0.195420634142981240331522968998","0.224098217643989221879950214981","2.592653128162726585907445123331","35352","2","3","2","4"
"M1T","0.284881521325433934412036898827","0.413179095411581692288861689106","0.453601057041062773203570468997","2.740168392621169749159626235185","33497","2","3","2","4"
"M1V","-0.634215096545326226693408697238","0.164553312069376607125535600328","-0.062867871620857992069650834169","3.025575099355015671984684109764","54845","1","3","1","4"
"M1W","-0.211622868918993129150441071287","0.245799238803845099575419216403","0.149407830909975792994119049511","2.743696232300628543888579829929","50332","2","3","2","4"
"M1X","-1.169005058800028649537512846865","-0.040610333779103773895169578623","-0.553982418509913324768756423433","1.927804287512960411099691675231","973","1","3","1","3"
"M2H","-0.120493078812690177719392610369","-0.111787405971791635148330506020","0.322030232778004828246927882825","2.411205474647607239356200091026","24169","2","2","2","4"
"M2J","0.222562977333153354017989889979","-0.090371297246431419441532857568","-0.213624626069406566852512637526","2.998564767922067946952126077907","53808","2","2","1","4"
"M2K","0.568783699980561382332983776448","-0.695852171866923278637961877737","0.149654382436933652766639935846","1.908237997366610429029671210906","16211","3","2","2","3"
"M2L","-0.302078636313312385503406510220","-0.829342539214177001230128690386","-0.203114158119080777808478425435","1.255408735381739735967070401211","10568","2","1","1","3"
"M2M","0.420514271881024805533858963967","-0.273959587553162052763982020485","0.322585930973274884050548964704","2.056570880471223010279271977010","27142","3","2","2","3"
"M2N","0.884227538381381982920304850351","-0.719846995301629460753713891553","-0.170649557855736219194468278403","2.073289148671293490272380087148","59439","3","2","1","3"
"M2P","-0.077710215038264996903225806452","-0.985472071688089003709677419355","-0.129170440421356425251612903226","0.984913957987733678064516129032","6200","2","1","1","2"
"M2R","0.727298069183482293544310752156","0.090642982440545691299379154991","0.177348381715317623033899236306","2.039609675427480832951486182078","36402","3","3","2","3"
"M3A","0.497065005119910105277785990952","0.092492588749578304799976346057","-0.320483758056484198515715088259","2.198338559007996806067236332456","33821","3","3","1","3"
"M3B","-0.144428144201222232579335487613","-0.879367997827874278598061148397","0.558488104690093830043914160245","0.976120355509899205957411550253","12069","2","1","2","2"
"M3C","0.853592656466097121855982104674","0.203589085812251710899371689858","0.080631226993427942399421033587","2.671168988654953993420836211717","30399","3","3","2","4"
"M3H","0.242109520023724325601426096228","-0.234999854059441404559509529522","0.128805747577353348340663734506","0.971918212611418017168799147008","30012","2","2","2","2"
"M3J","0.496383250229018410423728813559","0.778040284232297417601694915254","-0.153883216855562183989406779661","2.462056242445071720279661016949","23600","3","4","1","4"
"M3K","0.067683970704062777320687611144","0.849616107127335292827504445762","0.618583192572795698478561549101","1.023023261541914553242442205098","5061","2","4","2","2"
"M3L","-0.076891431850327959983355295097","1.330414652579579776544836673833","0.505239244440942608294611276788","1.543410517514384321256675220196","14419","2","5","2","3"
"M3M","0.388935453750448163898201048208","0.813385229477642735190518910241","0.128225781500404468492374521932","1.577829386198824939468341281458","21179","3","4","2","3"
"M3N","0.205318506634796147642875954701","2.002731745352362889817319893696","-0.307173405469603599276941125769","2.941302703887436542162472765580","41767","2","5","1","4"
"M4A","0.928336436639210326017214397496","0.416399682866137087926447574335","0.358341947476206610766823161189","1.700881250865963959233176838811","12780","3","3","2","3"
"M4B","0.467756752397165725806852807661","0.306851013523447805714818730178","-0.036338519104049823106771966917","1.237589839723879807319196567378","16081","3","3","2","3"
"M4C","0.641474299422826736828089334467","0.386699009016742265761088484089","-0.330294720338156550310611824733","1.388347410201030390716107953274","44686","3","3","1","3"
"M4E","0.518946953346327163781182845931","-0.577843650918975196245912361020","-0.705281034426740707932355414370","-0.077217404794259022395590021489","21406","3","2","1","2"
"M4G","-0.016230821877205411422527763088","-1.007970492988198372554204124802","-0.065883813514753516790058170280","-0.163847596905031412552882072977","15128","2","1","1","1"
"M4H","0.914878811798732121201002874090","0.725017183288358405430196294258","-0.146235193633327790069100470862","4.690595274255404001100715465052","16353","3","4","1","5"
"M4J","0.468640714796280684647883052287","0.341500236928770845384113793522","-0.151628858343093805689069513527","0.576321128839443443397428120830","32972","3","3","1","2"
"M4K","0.968667511983917777741646481070","-0.240936650544279351720476490693","-0.489476358385155308076152238113","0.421274473298420793599230182168","30137","3","2","1","2"
"M4L","0.751910458498096362239680335918","0.119893866210911058172767600149","-0.646443169658883744007991602045","0.621063071347645172083573194270","29531","3","3","1","2"
"M4M","0.812831936789397895534248026699","0.626725339035432707697197647931","-0.501230792631785428362557609790","1.360062861407341311426603803570","18877","3","4","1","3"
"M4N","-0.140116328695817498806550097141","-1.047405581179720338884263114072","-0.095382249761230434970857618651","0.023279395781399683106670367287","10809","2","1","1","2"
"M4P","2.231860086887953706056744248441","-0.782381365602946237641692937152","-0.561835005622835757046079549266","0.585370643488813005312227513582","14909","5","1","1","2"
"M4R","0.681846377703746814072723372305","-0.942956357442007617934141370803","-0.539245311327419359380027888019","-0.007277239165470611927491150917","9323","3","1","1","2"
"M4S","1.616418566280916844336341417560","-1.042545162753383157078398195149","-0.491716822526667217775897725136","0.421895268331019594403083286332","21276","4","1","1","2"
"M4T","0.929642857697713380620788237697","-1.140106408189960513988156013886","-0.028693150986123548233612415765","-0.071226689231153259505819889728","9794","3","1","2","2"
"M4V","1.765660719418927039963605823068","-1.241319081692796751049832026876","-0.001368391692337072221444568869","-0.081356585808314225706886898096","14288","4","1","2","2"
"M4W","1.018384470900406771120367403610","-1.320752698852017459147709067607","-0.150487228613214393036419950870","0.120485753881978629392288796326","9363","3","1","1","2"
"M4X","1.914764113123947047137506688068","0.838533284449043528769395398609","-0.593419923918153620278223649010","2.842335361061233562386302835741","18690","4","4","1","4"
"M4Y","2.790675826372052840000000000000","-0.875654712626873197636141636142","-0.636769178615447091868131868132","0.730430705356007009606837606838","20475","5","1","1","2"
"M5A","1.619318906191309667190595694096","1.666574743062153121005591511469","-0.755139379988609926575089155990","2.219864297251050488442742042002","22713","4","5","1","3"
"M5B","2.461901202109702755784778366323","-0.410459143090874191106774463340","-0.688241129727421363994981879008","1.173316882507468141204349038193","7174","5","2","1","3"
"M5E","2.205547183584473006901084456129","-0.863988102119791980611238908971","-0.509085845066135078540913572133","0.814646518990643842918172855734","3043","5","1","1","2"
"M5G","2.257618134347832087542087542088","-1.092380139066783954358398802843","-0.908763026683932171717171717172","1.736871619200868350168350168350","2673","5","1","1","3"
"M5J","1.931225860373211518106450008290","-1.254464565997178631404410545515","-0.527148006038365187663737356989","0.560777105413275615984082241751","6031","4","1","1","2"
"M5M","-0.097242882482300375949817599431","-0.981285191197175930242904172969","-0.183883393723997035964053741436","-0.135083681232943989390515170389","22478","2","1","1","1"
"M5N","0.245860500065175631472914490375","-0.704476413059740513206984032234","-0.475149333125554608371884793314","0.377249090367573349312789135950","13402","2","2","1","2"
"M5P","1.041323655797941163980485511080","-0.982166718167850897313818844413","-0.105612110794377096831834479516","0.021761099654933714353729500970","17013","3","1","1","2"
"M5R","2.116719933199131836376095149528","-0.749485048404325803533845626744","-0.492935739501763563007194948852","0.238998793331183002633253389457","20431","5","2","1","2"
"M5S","2.026791145334984543112091437738","-0.647953565862044808702626829757","-0.477782505498005359033487066373","0.752227696140250524543813916182","9974","4","2","1","2"
"M5T","1.652833201652028434831013916501","1.073808555599180529455268389662","-0.000512500788738399972644135189","2.548750347757107131769383697813","12575","4","4","2","4"
"M5V","2.211604417135785248442706069825","-1.367677453783846236418948283355","-1.082136241064980907431551499348","0.263632227405354649804432855280","6903","5","1","1","2"
"M6A","0.783770508900473932327451836149","0.943035170954881109981919072261","0.403445024496734567454330070453","1.789507307693847131616684331941","16039","3","4","2","3"
"M6B","0.618884020114774512422853180260","0.127578623760607399880571714759","0.441202451202910086231844974381","1.348292108364574078524097545941","25957","3","3","2","3"
"M6C","0.610956238878540321105527638191","-0.028880534205945321726914140595","-0.372376092388228296039336467283","0.644232481484771459382936186308","18507","3","3","1","2"
"M6E","0.181862352099124028187693550559","0.851720640591859678362730577622","0.070579129745165194901198330416","0.894870845642469912411471657466","37135","2","4","2","2"
"M6G","0.788836377101848933993836892647","0.101786534883251855912283216282","-0.049797636628411448878457789881","0.292939312524549697309015336104","27908","3","3","2","2"
"M6H","0.666563580524330143481074207062","0.551376594201292981231298623579","-0.356591579304056111535008976661","0.993347071515333486467684021544","40104","3","3","1","2"
"M6J","0.953986290240965769572781751402","0.469849655585251722273342354533","-0.191082682791092235332302339068","0.539230471415294353210902764353","25865","3","3","1","2"
"M6K","1.738593279262483881476752846047","1.180307374258367536917367095790","-0.477525374124169639975883959286","2.255391380304090929105933255311","28197","4","4","1","3"
"M6L","0.192151955151995621895174526753","1.040287532126251120067841120473","0.543140431489886221085457927563","1.472313459074354048845606740344","18278","2","4","2","3"
"M6M","0.361411428948749849680395056777","1.069588792385998695129471335823","-0.313082910472364788677211540872","1.945255371029342380497831699797","39893","3","4","1","3"
"M6N","0.245497553722652759409902494618","1.157778230331919770596429023680","-0.149303631677107306415094339623","1.222755708328829097110295048753","39485","2","4","1","3"
"M6P","1.214647138212111484820752484619","-0.164171837293915253212257453857","-0.586756908047604738990771415050","0.812796183200871483137127307146","33808","4","2","1","2"
"M6R","0.979852984851296887608459869848","-0.442179818884973579598698481562","-0.491011137890113581344902386117","0.030553200917247516263557483731","18440","3","2","1","2"
"M6S","0.271853840393012656063515509601","-0.391949822171807129248892171344","-0.189626495796767927650516986706","-0.036430816997274821680206794682","27080","2","2","1","2"
"M8V","1.251537881541572519611428571429","-0.167267206663459459665306122449","-0.352636210898018901662040816327","0.625223937793305200984489795918","30625","4","2","1","2"
"M8W","0.401621838145330160403011754510","-0.101302246660805806706028925844","-0.044760599187014080503223010671","0.048562812768632246268349493527","18461","3","2","2","2"
"M8X","-0.326858964744770442563167491534","-1.217874637026326100156290700703","0.431148810671473871971867673873","-0.276010994485482614964834592342","7678","2","1","2","1"
"M8Y","0.554715033596717019345701741963","-0.246904129224809284244441297267","-0.344253212478725945071519614785","0.522427986332478232190907803427","14122","3","2","1","2"
"M8Z","-0.222232387234725127938727938728","-0.192987087093906042846042846043","0.889159402365269345099345099345","-0.229158897845057908757908757909","9009","2","2","2","1"
"M9A","0.238392778769944236575959632366","-0.651494699703156556598306001081","0.039467665247651648473598846639","0.742101510005387536352495945215","27745","2","2","2","2"
"M9B","-0.192238009400348607785927959677","-0.272181074250975111740359791829","0.266782899060997964037208539934","0.440537303140653418268245707495","24403","2","2","2","2"
"M9C","0.128799626222835861695107004808","-0.352395254683336782005593790264","0.507486250225170054350900348826","0.609668255948706581842179692656","31821","2","2","2","2"
"M9L","-0.653241088882495196335794366967","0.786369559491334913444535593838","0.632531171626114620089326405979","1.903353028072877977987421383648","10971","1","4","2","3"
"M9M","-0.074022759205520029525522824376","0.803535871514020518304474926917","0.165230409924170910872498313470","2.309364169673838759731279514279","17788","2","4","2","4"
"M9N","0.697780129172272904937977099237","0.877636198378399583744370229008","-0.180755475306731471834446564885","1.533003226429474674890267175573","20960","3","4","1","3"
"M9P","0.281259918707213684715201417479","0.136520464100192219703997081661","0.856855083886169260357496482360","0.712650803429611979509093751629","19189","2","3","2","2"
"M9R","0.264286991873020660584032695848","0.493457358413391015309019436558","0.271448776152032415499329235953","1.863897309660021681711540261442","32053","2","3","2","3"
"M9V","-0.305757908528425606667412462244","0.716068840711194521273818846254","-0.352967960426291337443785658351","3.142236119538352404855129209084","53634","2","4","1","4"
"M9W","-0.204325562033444548453662516779","0.413552433458359517103150580370","-0.105933369032999752857105256231","1.948786153334992515410733556181","37993","2","3","1","3"
"N0A","-0.339575185103189065076290802589","-0.231498603948285361937739146866","0.259702821032102421366148613539","-0.679575506355202466172232982191","21169","2","2","2","1"
"N0B","-0.818658170522824287362649759708","-0.607729490843272201874957694998","-0.238151505986455201013063784662","-0.477440470141668700196295209946","44321","1","2","1","1"
"N0C","-0.499197438675096880257172848146","0.016000330288021682557732680196","0.478986833949260862027641707488","-0.603309976260376441060181945416","11432","2","3","2","1"
"N0E","-0.712001208610355300788712011577","0.006297431520392000626007856109","0.207494335126853478190200537523","-0.580369944589518899756047136655","24185","1","3","2","1"
"N0G","-0.454287254654251627960651745518","-0.047135692080351704585289264143","0.258521053180199105711584984860","-0.611586069857275237848663024497","62417","2","3","2","1"
"N0H","-0.257091884102920733102665297075","-0.383823302505904881934908363518","0.707995772892623904538573822782","-0.783680927621307316700005406282","36994","2","2","2","1"
"N0J","-0.813880702550371959207043973941","-0.109757474548058304051302931596","-0.044137996387834155613802931596","-0.510909164523155947574307817590","19648","1","2","2","1"
"N0K","-0.604694068996962873420857072083","-0.168126609401999019128684666832","0.134671738915613668912558830815","-0.538238635275036977148872925440","16148","1","2","2","1"
"N0L","-0.711931263506585162862569529236","-0.426878852804107226969203635870","-0.087083456978571065145841812508","-0.556882110073171773753900420567","36855","1","2","1","1"
"N0M","-0.443681576745648986665671760586","-0.373453858642958419593680356574","0.275250324153581247216252785737","-0.672769588735971530274992040751","50256","2","2","2","1"
"N0N","-0.547917239245995234014382874345","-0.496348642622892570134072917828","0.056507957083716250636079830527","-0.599607287473450482500836213625","35876","1","2","2","1"
"N0P","-0.432859523658514748319988729484","0.025890042375667063764821902369","0.210336880877374130923477893353","-0.615106518036284625398577097373","42589","2","3","2","1"
"N0R","-0.745716419092827469818244366722","-0.419675013246103764211914454446","-0.209760421138237830970127859641","-0.439423209816066249670890430595","34882","1","2","1","1"
"N1A","-0.355261060271537814025031049967","0.237554802642985588822012037833","0.427946958662901197917263781408","-0.563283567166135014999522308207","10467","2","3","2","1"
"N1C","-1.092334644391133683661645422943","-1.150370459354689200463499420626","-0.654261246670925617612977983778","-0.127832015493921169177288528389","1726","1","1","1","1"
"N1E","0.022811640854074459843765131218","-0.295100574060162684631524581168","-0.111950806512567727760741147229","-0.283467699670972032844830368960","30979","2","2","1","1"
"N1G","-0.131438917555608466006632341391","-0.682068347817541833903481979230","-0.057338537847177038183960205952","0.037710907308155374321494022166","22918","2","2","1","2"
"N1H","0.458365496398059176974021419515","-0.225332892466245305138525452534","-0.158939309679896829612344546656","0.168976394368105981616310124363","37069","3","2","1","2"
"N1K","-1.082637620452870645254501000222","-0.846965936928341028895310068904","-0.887575391010255400533451878195","0.627428025007815468970882418315","4499","1","1","1","2"
"N1L","-0.777434998934988209171496760996","-1.455521217988311842823048073645","-0.873271084931358412546880327310","0.443618184240821815717695192636","5866","1","1","1","2"
"N1M","-0.369605663784831082949234488316","-0.574225668786741357453666398066","0.139646062532615656140209508461","-0.488311977808803515713134568896","12410","2","2","2","1"
"N1P","-1.009084067468255124352331606218","-0.883392881500347215025906735751","-0.899875434065900928756476683938","0.147853891131983049222797927461","3088","1","1","1","2"
"N1R","-0.087196076894376221279958618311","0.408626695859080835326742916260","-0.125983874705171938137824012874","0.066394325172701367417667682051","34798","2","3","1","2"
"N1S","-0.235711177866233236253132832080","-0.351907195713154073652882205514","-0.243744461434250382550125313283","-0.270521189846396287061403508772","19152","2","2","1","1"
"N1T","-1.160148475576734989872179925962","-0.758738454562078045470419780680","-0.819428523133504217433819934344","0.734889956068876525878326465042","14317","1","2","1","2"
"N2A","-0.163377751384660173445321116484","-0.318604341587301067595656231441","-0.096673929357134739972003054212","0.147230029678240475965046237380","23574","2","2","1","2"
"N2B","0.116798280526234354806615776081","-0.283882574634549653804071246819","0.229752741993536358759541984733","-0.194987449557870889249363867684","15720","2","2","2","1"
"N2C","0.774819723386940750732819454999","0.147568182630446117707089349691","-0.228338061769521850613397025296","0.554092138598746837259798067528","9211","3","3","1","2"
"N2E","-0.259183680951308722471307998035","-0.141371425543005481717501004778","-0.670184916197177284696110391640","0.379155711388840494810878399500","22393","2","2","1","2"
"N2G","1.206030048654184883246275875411","0.443041670692097621590249564713","0.024157563463733798497775198298","0.484191765012466524240665505901","10338","3","3","2","2"
"N2H","0.771326010401929389079241391165","-0.085503063921248213734028533776","0.053074098294630396499169197273","-0.492610033586178948725147539105","17453","3","2","2","1"
"N2J","0.833256935025160757158527422990","-0.427469253437916706115702479339","0.492945922883363870217881292261","-0.052587744069876168512396694215","13310","3","2","2","2"
"N2K","-0.686166817664634725993067266254","-0.906227088412735885890949971894","-0.712061850025045478400786958966","-0.001113635456023241338767097620","21348","1","1","1","2"
"N2L","0.528252599684303134444056249454","-0.279318216286498797891518909948","-0.067599429576108097065245873002","0.419607149772931160782601100533","22898","3","2","1","2"
"N2M","0.411392501465132455641712102909","0.044092101399645543502562930556","-0.134240855565377998974827777596","0.453647221194754591527637206569","30629","3","3","1","2"
"N2N","-0.900168664986845414020857473928","-0.714079312404314374292335706009","-0.556952804706644122794239364344","0.262030608735448839814600231750","24164","1","2","1","2"
"N2P","-0.289060987127151792391956782713","-0.766751319582184067354441776711","-0.836143521108932414615846338535","0.264322000881851682668067226891","13328","2","1","1","2"
"N2T","-0.835189035500215731192786211620","-0.913100454548423330943956169387","-0.669460385847164455027964844196","0.453394244344489908469352813606","17522","1","1","1","2"
"N2V","-0.950514354303392216808901371935","-0.962099002811834190882575348385","-0.674719055293424023117640704332","0.135298540084523481608512477044","9257","1","1","1","2"
"N2Z","-0.089373883862938278612561939199","-0.679778183075187247132717289407","0.425730166293000639614302932905","-0.562765826192690211236105531003","7467","2","2","2","1"
"N3A","-0.501102962684244953482762086642","-0.609981506602921721238315408584","0.328878468554275379937682179113","-0.538717025562166762086641873555","9949","2","2","2","1"
"N3B","-0.601535385540823067204864751520","-0.618121434504085941916544348920","0.013906256144148163115957223737","-0.534710172444033078423149507234","9538","1","2","2","1"
"N3C","-0.661177720358691203243243243243","-0.734316017025869773018018018018","-0.589195193486692094252252252252","0.031161150842754995402702702703","22200","1","2","1","2"
"N3H","0.095058080139122588928459201844","-0.187119902291954444820362417513","-0.108773536557511941489473132921","-0.301716262813646645333612653189","19094","2","2","1","1"
"N3L","-0.314495174175687531654290059945","-0.470282969281784337478751006531","0.205018855600283972568667799946","-0.543818433795944575378008410128","11177","2","2","2","1"
"N3P","-0.908679186560894678695184609870","-0.293817333049829392400525749791","-0.713638614981615489425259887681","0.181413892781578621519894850042","8369","1","2","1","2"
"N3R","-0.202622723628262249229536489152","-0.260761960326741786914447731755","0.519107752520647931860515285996","-0.330316959289804245901134122288","32448","2","2","2","1"
"N3S","0.326846333430610088371985157699","0.871563970042196446331168831169","-0.121320781224596198506493506494","-0.192679977493943664346011131725","21560","2","4","1","1"
"N3T","-0.029553588362458615358520968494","-0.107421691651416225666793876945","-0.246757287431521251036763770513","-0.190716908299783523334605436119","23583","2","2","1","1"
"N3W","-0.828032481189462587746441517107","-0.570557956097493366607726991424","-0.427964218900473546565290425250","-0.403445348479301251083016532579","11311","1","2","1","1"
"N3Y","-0.015939994749770668189998363964","0.171205162216854957346348912036","0.625405276806864077608114740688","-0.571236331879980942520586791733","18337","2","3","2","1"
"N4B","-0.158016657370605822820512820513","0.378616614426622770085470085470","0.733400419089336956837606837607","-0.637504367855775318589743589744","4680","2","3","2","1"
"N4G","-0.000752495701949171246565076193","-0.116547366048331135048713464901","0.827915474518298148366225331002","-0.547925936107080683456157881589","16012","2","2","2","1"
"N4K","0.236352824484376958905296602520","0.086738567683016533061342383652","0.458027851706100886337870527494","-0.459410446488068260446979817309","27697","2","3","2","1"
"N4L","0.033531313740829168795419511121","0.125601573423332908390222417970","1.090979896137450176392865007708","-0.575976337474853587535785069368","4541","2","3","3","1"
"N4N","0.194739491229198835766799948407","0.037586353062462118586353669547","0.802321098294377626596156326583","-0.617151769962986365884173868180","7753","2","3","2","1"
"N4S","0.084905752268899775856413314944","-0.030457767279511620662019607112","0.311345856440123389831140269132","-0.488382225313736873670033921050","26827","2","3","2","1"
"N4T","-0.033843621180796345616856113113","-0.335486869518733368727474355420","0.113750935654005666648184086498","0.016938661926247549259772664264","3607","2","2","2","2"
"N4V","-0.073082687606175700000000000000","-0.794078448686292000000000000000","-0.209876061255761000000000000000","-0.384829554569594000000000000000","848","2","1","1","1"
"N4W","0.107490908311744711575562700965","-0.217397790609411853070739549839","0.416098693845824309099678456592","-0.593828471481924506430868167203","6220","2","2","2","1"
"N4X","-0.306835888958217582030255902729","-0.514490652972062024713699985862","0.364325259884434725293369150290","-0.592220480600225430934539799237","7073","2","2","2","1"
"N4Z","-0.560345208880021756853396901073","-0.421364855832438408820023837902","-0.268784620645579410011918951132","-0.207010087667441667342073897497","1678","1","2","1","1"
"N5A","0.243828215624422610572895800707","-0.187994259225321637709873620570","0.013025951237402929143752048658","-0.510020271438854413686855810904","27457","2","2","2","1"
"N5C","-0.254732234820228183724489795918","-0.287552566137557623605442176871","-0.092440246335212666471088435374","-0.477298574074333957312925170068","11760","2","2","1","1"
"N5H","-0.582496907682208935081685296647","0.251326047815036456866723989682","0.253419908553969139759243336199","-0.147201374598657249828030954428","11630","1","3","2","1"
"N5L","0.139658596563302896498905908096","-0.256086692959105207221006564551","0.333864190211407175164113785558","-0.956086540141686664660831509847","1828","2","2","2","1"
"N5P","0.102312456589730555756974932729","0.098486371772870376476419770571","-0.332200369433537234708964735873","-0.177700257815730761591842515224","14122","2","3","1","1"
"N5R","-0.001762367124700224296384231093","-0.165946853289236959845179799179","0.093132694134722116276401048622","-0.370970728235935334995300984320","20217","2","2","2","1"
"N5V","-0.214089425818709886230255658688","0.304894073318018796065787331054","-0.405873517115248874297345709168","0.263334254175769550421755414428","30705","2","3","1","2"
"N5W","0.382085900034866964499813710879","0.522087135009715699442995529061","0.069746121863682445975223546945","-0.403294808864751719271609538003","21472","3","3","2","1"
"N5X","-0.326026731257497718392975167595","-0.965903066192440280710036823718","-0.317767628668206076489472193372","0.208587358592196203304692663582","21182","2","1","1","2"
"N5Y","0.727928594180282291712523543967","0.443365135157719958919968977361","-0.336923510291155911559626251062","0.537945154353754359596705691177","27077","3","3","1","2"
"N5Z","0.202159537397074738370694368507","0.570857715539824223295621819405","-0.254129831219546201399671951886","0.098628859774370736711948521681","23777","2","3","1","2"
"N6A","1.862567373191613163230688935282","-0.796505306025581183835855949896","0.355413163546661181289144050104","-0.240656663016921639065762004175","7664","4","1","2","1"
"N6B","2.355686488937960402191507906861","0.602822190908510116473664549869","-0.375549381008871474785207321629","-0.101022111861749609450877848338","8031","5","3","1","1"
"N6C","0.651998026581262244260102913703","-0.430501910078163829451673167055","-0.209788292762106137556946674970","-0.193681219330492112041558782079","30511","3","2","1","1"
"N6E","-0.290546464543250023017554479419","0.026080196465250331030569007264","-0.588310164740191808111380145278","0.794903098683613411024515738499","26432","2","3","1","2"
"N6G","-0.347240770142904583691708103749","-0.577444640726764588916140303723","-0.406880314391547125630291627469","0.545847027312930405560408547238","29764","2","2","1","2"
"N6H","0.458135261422266901636108989050","-0.642169954106785462544563279857","0.594010683811809515807231983703","0.083031356200462179570919276802","31416","3","2","2","2"
"N6J","0.387984202675951270211840445430","-0.020043036457786298072991430684","0.033592925730237354733133237635","0.369512447677416889525425203358","22989","3","3","2","2"
"N6K","-0.398101157481586902038127712337","-0.939137007905679531601828890267","0.168308189442542509810911345319","-0.155268951504592189421884686919","25808","2","1","2","1"
"N6M","-0.880980135914131208306709265176","-1.044242272266972397444089456869","-0.310239701165549305111821086262","0.220436849502688874760383386581","3130","1","1","1","2"
"N6P","-0.687981130542360919760479041916","-1.049965327294270572372496386537","-0.069473296269515959529217427215","-0.448090968289873791079909147223","4843","1","1","1","1"
"N7A","0.021755575519420890111435117684","-0.197771938146902897052697354718","0.960308239149726844344928139971","-0.743830103893222053259737554676","9602","2","2","2","1"
"N7G","-0.362460977641024591703257094174","-0.181181919624596670443672586670","0.259274026770903008080477095485","-0.488727612018296348699128383249","15259","2","2","2","1"
"N7L","0.110322820349672389844260001865","0.113895988727194707399981348503","0.230325733409339111410053156766","-0.287142086564611833922409773384","21446","2","3","2","1"
"N7M","0.028363754580170611507734988480","0.408846532394057638326985470447","0.092454413397531000393567498942","-0.332314495648906495509474773123","21267","2","3","2","1"
"N7S","-0.238787816422335039264447024456","-0.201888852187858221040410471518","0.035967336687801389603385640987","-0.304198241895850176532714130557","26701","2","2","2","1"
"N7T","0.869544109178091510545657974008","0.675270642611557583908684051984","0.275733120774554910716929167742","-0.427930035997897200860659264997","23238","3","4","2","1"
"N7V","-0.027511832640886395792964999564","-0.449903268057935527363184079602","0.985908464896316699048616566291","-0.803850336382943096447586628262","11457","2","2","2","1"
"N7W","0.065275883329692100000000000000","-0.748653816770927000000000000000","4.221483059645790000000000000000","-1.274836116634720000000000000000","619","2","2","5","1"
"N8A","-0.059238642776300520544668322753","0.667261875556307834115373999448","0.408889424762714621575121906339","-0.536311000580738741310148127703","10869","2","4","2","1"
"N8H","-0.322897103833999425170595533499","0.385128641127634400504032258065","0.378612073416581057672921836228","0.058484505443139866718362282878","25792","2","3","2","2"
"N8M","-0.272769399428186648912618830577","-0.143691002327880435486391457221","0.227910714822636543026435733820","-0.596227794032613451751530147155","7679","2","2","2","1"
"N8N","-0.731497024665759880246577826126","-0.721495087779508685295984044964","-0.307853572103512702574562596319","-0.268509949521557654455625056659","22062","1","2","1","1"
"N8P","-0.715369060885266409141335700022","-0.868972911130701347903261593077","-0.497519763229931122698025293987","0.331961229001448788773019747060","4507","1","1","1","2"
"N8R","-0.721272841922102830947228233727","-0.196561702823732565099051107042","-0.354540937454279293341102047611","0.491966948775921982353920426169","12014","1","2","1","2"
"N8S","0.310650537973615309487683378273","-0.131998471721333924674375028564","0.319194973482641421699191079018","-0.282429194664781852319363831635","21881","2","2","2","1"
"N8T","0.295072442135421549917422656432","0.923789009556127955652477320307","0.134489951661754047836706210747","0.894147749914034166550360548965","17196","2","4","2","2"
"N8W","-0.317175729601667183035180501265","-0.064834137606261262979995401242","-0.094422964902724925348355943895","0.020414508424282403642216601518","21745","2","3","1","2"
"N8X","0.593156780644162696357381293004","0.706279419004901963682812180666","0.040791431184284260146467743034","0.290125223841052191085223789086","14679","3","4","2","2"
"N8Y","0.722113228726285490479796583937","0.578204107487137845641479188547","0.145539260144317120291857829860","0.138847470193234693571389088497","18091","3","3","2","2"
"N9A","1.467958930919642925148697327637","1.408153381261478310295719192427","0.353696666591933748130602328893","1.308296625425975948236575353942","23874","4","5","2","3"
"N9B","0.726072373047777650176056338028","1.191861350972550429271279853031","-0.016600120369997318738518064911","1.066093622438497201976423759951","13064","3","4","2","2"
"N9C","0.714004770524723160724483968345","1.297767274668194696336787142041","0.097861045507905899641021457127","1.383471612895768616056131190340","12257","3","4","2","3"
"N9E","-0.683565122779230709605757196496","-0.594494983378927649261576971214","0.483818063282540242772215269086","-0.004480325181176184511889862328","15980","1","2","2","2"
"N9G","-0.719672935735485300961021906524","-0.789660782862072316349310571241","0.237325181734340610278756043694","0.495489274246352608738733361189","16753","1","1","2","2"
"N9H","-0.935559442418391174913409203365","-0.664805888426289220188025729837","-0.140683340064637587407224146462","0.257771891875883578278080158337","8084","1","2","1","2"
"N9J","-0.910562935923545006239875202496","-0.797389804889294603347933041339","-0.553729960688380792284154316914","-0.219641895437730284731505369893","16667","1","1","1","1"
"N9K","-1.299664235608520000000000000000","-0.513474792903770000000000000000","-0.276178852985607000000000000000","0.029131152974818100000000000000","996","1","2","1","2"
"N9V","-0.536054560386988727635679742074","-0.347979634184164827420741536808","-0.054665985000059675120902740462","-0.355133407504963536437399247716","18610","2","2","1","1"
"N9Y","-0.377357036092784436392657621708","-0.356449698862013492889066241022","0.397770491565050339118116520351","-0.529110843119011620830007980846","12530","2","2","2","1"
"P0A","-0.171592751197345012040302267003","0.508618610518029075373635600336","0.968868659706354003442485306465","-0.814904029651169008312342569270","11910","2","3","2","1"
"P0B","-0.561912044096133421292342727014","-0.717578852129485691716481639624","-0.054377334502443201764873327640","-0.638758121935477419015086820381","3513","1","2","1","1"
"P0C","-0.132666047236584000000000000000","0.739008674796263000000000000000","1.028619531786380000000000000000","-1.008790181625280000000000000000","658","2","4","3","1"
"P0E","-0.248357887574778605051047823751","-0.042896766714098933369156367544","0.363281181107899787211176786674","-0.875229496602127566899516389038","1861","2","3","2","1"
"P0G","-0.319911699790681175457481162540","0.111563340320871948331539289559","1.238881758161142583423035522067","-1.087279444498526065662002152853","929","2","3","3","1"
"P0H","-0.432591303574296576425124792013","0.374530883402767461984193011647","0.446222409375601809160565723794","-0.691989127472392146339434276206","24040","2","3","2","1"
"P0J","-0.279702129536710133065118577075","0.308303223563218543191699604743","0.499368141596067970548418972332","-0.730714097949390759486166007905","20240","2","3","2","1"
"P0K","-0.225946916132705501288659793814","0.802122409036848612757731958763","0.972326500765754575618556701031","-0.792268671337024900515463917526","7760","2","4","2","1"
"P0L","-0.193070879241597945455652279783","0.317326058034804899409204358678","0.297075699765820154264320935046","-0.717745862953009030559444816461","16427","2","3","2","1"
"P0M","-0.420398601704208909209620227144","0.210276683259020338540007194614","0.191835246763554068628912071535","-0.674538057184169649339637185878","38918","2","3","2","1"
"P0N","-0.252629735854737006567621585610","0.099631632228464207861425716189","-0.185052053021883245369753497668","-0.607690667775295441572285143238","7505","2","3","1","1"
"P0P","-0.195133230130045436116817004555","0.594475423016247809502545324641","0.902586767265164116013217826203","-0.831405277187486821112798070912","11197","2","3","2","1"
"P0R","-0.242767446730658849509489318786","0.314481767230768829173925002292","0.869545748911332188961217566700","-0.850396341204027691115797194462","10907","2","3","2","1"
"P0S","-0.394859850425808926873857404022","0.283543181490875104506398537477","-0.096408739245339291133455210238","-0.652763088584492437842778793419","6564","2","3","1","1"
"P0T","-0.455554978825084862888325527435","0.167772064254074124796975035449","0.049831434902492094276629570747","-0.769490640713231657414170927684","23273","2","3","2","1"
"P0V","-0.210471095613690542942989214176","-0.067618701024762751756548536210","-0.419390778098925036055469953775","-0.676349932996703280431432973806","6490","2","3","1","1"
"P0W","-0.543244532757278155415573053368","0.338693254853118966754155730534","0.440255471934260723517060367454","-0.672140209804382502712160979878","5715","1","3","2","1"
"P0X","-0.197994972668206220961642355484","-0.377833863863165203673689897353","0.190544117586273871528903295516","-0.808265866541550623446785521340","1851","2","2","2","1"
"P1A","0.154579575903084273257998638530","0.428258203924088226773315180395","0.239261773114922706262763784888","-0.218689525050519529870660313138","14690","2","3","2","1"
"P1B","0.596896422913759784964557888782","0.375392745922472899194648740391","0.250048353726038188600951778761","-0.378323529462232330357083430397","30049","3","3","2","1"
"P1C","-1.126781220816733797408716136631","-0.500172100927630644994110718492","-0.124379409748628763250883392226","-0.214227636730274162308598351001","849","1","2","1","1"
"P1H","-0.082336952799983954078590785908","-0.275197893090190739879742547425","0.521845725258571713838075880759","-0.614165862701480410569105691057","11808","2","2","2","1"
"P1L","-0.208468700798002142398446833931","-0.598532825528245758885902031063","0.377010995369179677718040621266","-0.638893615825447337962962962963","13392","2","2","2","1"
"P1P","0.182441747338784817415287628054","0.194178565781006685746572104019","1.267918587348953872119779353822","-0.620086598065199033475177304965","6345","2","3","3","1"
"P2A","0.019984668883180022327428222358","-0.020987901504581958704948075748","0.624287188818258213703929953166","-0.697925294966489736204439014457","9822","2","3","2","1"
"P2B","0.282219169451206878341080766996","0.725966250537488155868680999419","0.782602183133764480970366066241","-0.493400498759491075305055200465","6884","2","4","2","1"
"P2N","0.627673040177236063652655588139","1.024270013740686528559791463017","0.625285453476721829651352231997","-0.567180390848115359074617139133","6138","3","4","2","1"
"P3A","0.049661146840219053438475572674","-0.014230781347767241864180012163","0.354489602624224533738901277113","-0.379185767037414337563348874924","24665","2","3","2","1"
"P3B","0.702884385765968812193835255106","0.805334742947635722058934358279","0.145098807344230514274625065943","-0.321165323571074773244404250509","13269","3","4","2","1"
"P3C","1.303133509003650056185017328712","1.291807084805766615035990402559","0.341206323881843424160223940283","-0.250396588748624871267661956812","15004","4","4","2","1"
"P3E","0.544818710127023330065497570251","-0.199774080938801938491443059370","0.249560130690411492406507500528","-0.372890906631618221789140080287","23665","3","2","2","1"
"P3G","-0.735093301816705085553997194951","-0.843997495338737048036465638149","-0.186867674362803835343618513324","-0.690116670854698834151472650771","2852","1","1","1","1"
"P3L","-0.594070029181790792369412149992","-0.147755955885764431488455870313","-0.459133654692896290093335516620","-0.361822204151185522940887506140","6107","1","2","1","1"
"P3N","-0.600199346936526032516084159277","-0.011579251531418342201356285863","0.057795317808562776038949747870","-0.532881189860837535037384802643","5751","1","3","2","1"
"P3P","-0.822688526431492095544514132117","-0.223253699560784529771116722326","-0.305737603058349776834731611957","-0.468977988735104901963020281828","12277","1","2","1","1"
"P3Y","-0.473493351330211042839036755387","-0.507276013954351834474017743980","0.125167471617805914651457541191","-0.667904505669143302408111533587","3945","2","2","2","1"
"P4N","0.238649651833256706446295332292","0.530789079921504453422696512233","0.156697232900914156914801318758","-0.463800036964302391389033489502","23052","2","3","2","1"
"P4P","-0.736827934759093000000000000000","-0.325379639335654000000000000000","-1.019084575252990000000000000000","-0.390594170387314000000000000000","848","1","2","1","1"
"P4R","-1.117932000476993020408163265306","-0.557604900997038326530612244898","-0.883281114555813987755102040816","-0.280888408881817208979591836735","1225","1","2","1","1"
"P5A","0.435685707156732187228513087061","0.879809182637421542491182476332","2.165221028364148420456654909968","-0.654068079468710638017449415259","10774","3","4","4","1"
"P5E","-0.133248275767370366776045939295","0.462669604619827763535684987695","0.501451146654600244667760459393","-0.595424198688273747128794093519","4876","2","3","2","1"
"P5N","0.071084470598211279425600396138","0.299308274929419026516464471404","0.582658314958588234835355285962","-0.757677087268199752661549888586","8078","2","3","2","1"
"P6A","0.121590895319651568517933045281","0.047532963000793655396704956616","0.250205810456372308125197597218","-0.486984396815680240755963044929","28467","2","3","2","1"
"P6B","0.336720944696344342390011890606","0.380794245798951424098295679746","0.712135350537523704478795085216","-0.476800838253657597304795877923","20184","3","3","2","1"
"P6C","-0.142911762844735498648034824301","0.498941746275362693165099993691","0.495481793732653258519967194499","-0.576002617768609910352659138225","15851","2","3","2","1"
"P7A","0.302786852969091712866732779007","0.300437159810204332721794187200","0.359151444717921663395377221756","-0.525098394826384568594095659471","26218","2","3","2","1"
"P7B","0.302056399064935816598245941407","0.332694857592655554179884306774","0.271445030007611990576600111961","-0.325086429391734721543198357903","21436","2","3","2","1"
"P7C","-0.064050557703905831569577687667","0.265508094460096331886064682029","0.004596176757970461014241914746","-0.427207444411086216150726931065","20222","2","3","2","1"
"P7E","0.300823502507629852318904109589","0.259481278149144686553972602740","0.305822309596669609145205479452","-0.575023295999030747178082191781","18250","2","3","2","1"
"P7G","-0.825903461778115451524494689962","-0.797747574725346249057896539911","-0.251628074665533233675916409729","-0.393171448428302803014731072285","5838","1","1","1","1"
"P7J","-1.043305430116483335489086499596","-1.085640934186217988682295877122","-0.615261812012500983831851253032","-0.326904404046770679708973322555","2474","1","1","1","1"
"P7K","-0.933974127918199275896748240027","-0.815980130497013643982567884680","-0.034547325395955331210191082803","-0.602310903736860564197116996312","2983","1","1","2","1"
"P8N","-0.248929076188260751444510858737","-0.048482722913347035090057780434","0.082688505749202214365411436541","-0.666421031400426033074317593146","10038","2","3","2","1"
"P8T","-0.156013056731304548515709642470","-0.219160985847203076446370530878","-0.829715735640177993499458288191","-0.234621918088825287757313109426","4615","2","2","1","1"
"P9A","-0.049778654796828023430466714049","-0.149193524194077238943378346363","0.268914120858457056029376924899","-0.713908090746773279554607912817","8442","2","2","2","1"
"P9N","-0.076038764710513875709730108112","0.108695024729362486790853231703","0.163202597322660346037178190869","-0.641669281522928681473127479194","12857","2","3","2","1"
